Song Name,Composer,Album,Lyricist,text,labels
அந்த கண்ண பார்த்தாக்கா,அனிருத் ரவிசந்தர்,மாஸ்டர்,விக்னேஷ் சிவன்,அந்த கண்ண பார்த்தாக்கா லவ்வு தானா தோனாதா,0
அந்த கண்ண பார்த்தாக்கா,அனிருத் ரவிசந்தர்,மாஸ்டர்,விக்னேஷ் சிவன்,அவன் கிட்ட போனாக்கா மனம் மானா மாறாதா,1
அந்த கண்ண பார்த்தாக்கா,அனிருத் ரவிசந்தர்,மாஸ்டர்,விக்னேஷ் சிவன்,அகமெல்லாம் அவன்தான் அவன்தான் இருந்தான்,0
அந்த கண்ண பார்த்தாக்கா,அனிருத் ரவிசந்தர்,மாஸ்டர்,விக்னேஷ் சிவன்,நடந்தால் அவன் கனவெல்லாமே அவன் முகம் தானே…ஏ….,0
அந்த கண்ண பார்த்தாக்கா,அனிருத் ரவிசந்தர்,மாஸ்டர்,விக்னேஷ் சிவன்,அழகன்தான் அவன்தான் அவன்தான் அழகா அளவா அவன் சிரிப்பானேஅட அழகன் தானே….ஏ…..ஏ……ஏ….,0
அந்த கண்ண பார்த்தாக்கா,அனிருத் ரவிசந்தர்,மாஸ்டர்,விக்னேஷ் சிவன்,பூப் போல மனசு…..ஏறாத வயசு பாவம்டா நம்ம கேர்ள்ஸு,1
அந்த கண்ண பார்த்தாக்கா,அனிருத் ரவிசந்தர்,மாஸ்டர்,விக்னேஷ் சிவன்,மத்தாப்பு சிரிப்பு மாறாத நடப்பு கிளாஸ்ஸானா மாஸ்டர் மாஸு,1
அந்த கண்ண பார்த்தாக்கா,அனிருத் ரவிசந்தர்,மாஸ்டர்,விக்னேஷ் சிவன்,பட்டாசு பார்வை பட்டாலே போதும் ஃபெயில்லான ஹார்ட்டு பாஸு,1
அந்த கண்ண பார்த்தாக்கா,அனிருத் ரவிசந்தர்,மாஸ்டர்,விக்னேஷ் சிவன்,சிங்கிள்ன்னு நியூஸு இதுதான்மா சான்ஸு,0
அந்த கண்ண பார்த்தாக்கா,அனிருத் ரவிசந்தர்,மாஸ்டர்,விக்னேஷ் சிவன்,நட்பான பார்வை நிதான பேச்சு எல்லார்க்கும் புடிச்சி போச்சு,0
அந்த கண்ண பார்த்தாக்கா,அனிருத் ரவிசந்தர்,மாஸ்டர்,விக்னேஷ் சிவன்,மேக்னட்டு ஈர்ப்பு ரொம்பதான் ஷார்ப்பு எப்போதும் மாஸ்டர் டாப்பு,1
அந்த கண்ண பார்த்தாக்கா,அனிருத் ரவிசந்தர்,மாஸ்டர்,விக்னேஷ் சிவன்,ஏதோ ஓர் பவரு ஏதோ உன் திமிரு எப்போதும் இருக்கும் பாரு,0
அந்த கண்ண பார்த்தாக்கா,அனிருத் ரவிசந்தர்,மாஸ்டர்,விக்னேஷ் சிவன்,சோலோவா நின்னா ஏங்காதே பொண்ணா,0
வாஜி வாஜி,ஏ. ஆர். ரஹ்மான்,சிவாஜி,வைரமுத்து,பூம்பாவாய் ஆம்பல் ஆம்பல் புன்னகையோ மவ்வல் மவ்வல்,0
வாஜி வாஜி,ஏ. ஆர். ரஹ்மான்,சிவாஜி,வைரமுத்து,உன் பூவிழிப் பார்வை போதுமடி என் பூங்கா இலைகளும் மலருமடி,1
வாஜி வாஜி,ஏ. ஆர். ரஹ்மான்,சிவாஜி,வைரமுத்து,உன் கால்கொலுசொலிகள் போதுமடி பல கவிஞர்கள் கற்பனை தவிடுபொடி,0
வாஜி வாஜி,ஏ. ஆர். ரஹ்மான்,சிவாஜி,வைரமுத்து,அன்பா வாளை எடு அழகை சாணையிடு உன்ஆண் வாசனை என் மேனியில் நீ பூசிவிடு,0
வாஜி வாஜி,ஏ. ஆர். ரஹ்மான்,சிவாஜி,வைரமுத்து,அடி நெட்டை நிலவே ரெட்டைத் திமிரே நெஞ்சில் முட்டிக் கொல்லு,1
வாஜி வாஜி,ஏ. ஆர். ரஹ்மான்,சிவாஜி,வைரமுத்து,ஒரு வெண்ணிலவை மணக்கும் மன்மதன் நான்,1
வாஜி வாஜி,ஏ. ஆர். ரஹ்மான்,சிவாஜி,வைரமுத்து,என் தேன்நிலவே ஒரு நிலவுடன் தான் அவள் யாருமில்லை இதோ இதோ இவள்தான்,1
வாஜி வாஜி,ஏ. ஆர். ரஹ்மான்,சிவாஜி,வைரமுத்து,புன்னகை பேர் அரசே தேன்குளத்து பூவுக்குள் குளிப்பேரா,0
வாஜி வாஜி,ஏ. ஆர். ரஹ்மான்,சிவாஜி,வைரமுத்து,ஆ ஆ ஹா புன்னகை பேர் அரசே தேன்குளத்து பூவுக்குள் குளிப்பேரா,0
வாஜி வாஜி,ஏ. ஆர். ரஹ்மான்,சிவாஜி,வைரமுத்து,விடியும்வரை மார்புக்குள் இருப்பேரா விழிகளுக்குள் சிறுதுயில் கொள்வேரா,1
வாஜி வாஜி,ஏ. ஆர். ரஹ்மான்,சிவாஜி,வைரமுத்து,ஓ.. பெண்களிடம் சொல்வது குறைவு செய்வது அதிகம் செயல்புயல் நானடி,1
வாஜி வாஜி,ஏ. ஆர். ரஹ்மான்,சிவாஜி,வைரமுத்து,பொன் வாக்கியமே வாய் வாத்தியமே உன்,1
வாஜி வாஜி,ஏ. ஆர். ரஹ்மான்,சிவாஜி,வைரமுத்து,வளைவுகளில் உள்ள நெளிவுகளில் வந்து ஒளிந்து,0
வாஜி வாஜி,ஏ. ஆர். ரஹ்மான்,சிவாஜி,வைரமுத்து,கொண்டேன் சுகம்சுகம் கண்டேன்,0
வாஜி வாஜி,ஏ. ஆர். ரஹ்மான்,சிவாஜி,வைரமுத்து,ஆனந்த வெறியில் நான் ஆடைகளில் பூமியை முடிந்து கொண்டேன்,0
வாஜி வாஜி,ஏ. ஆர். ரஹ்மான்,சிவாஜி,வைரமுத்து,விண்வெளியில் ஜதிசொல்லி ஆடி வெண்ணிலவைச் ஜகதியும் ஆக்கிவிட்டேன்,0
வாஜி வாஜி,ஏ. ஆர். ரஹ்மான்,சிவாஜி,வைரமுத்து,அடடா குமரியின் வளங்கள் குழந்தையின் சிணுங்கல் முரண்பாட்டு மூட்டை நீ,1
முழுமதி அவளது முகமாகும்,ஏ. ஆர். ரஹ்மான்,ஜோதா அக்பர்,நா முத்துக்குமார்,முழுமதி அவளது முகமாகும்,1
முழுமதி அவளது முகமாகும்,ஏ. ஆர். ரஹ்மான்,ஜோதா அக்பர்,நா முத்துக்குமார்,மல்லிகை அவளது மணமாகும்,1
முழுமதி அவளது முகமாகும்,ஏ. ஆர். ரஹ்மான்,ஜோதா அக்பர்,நா முத்துக்குமார்,மின்னல்கள் அவளது விழியாகும் மௌனங்கள் அவளது மொழியாகும்,1
முழுமதி அவளது முகமாகும்,ஏ. ஆர். ரஹ்மான்,ஜோதா அக்பர்,நா முத்துக்குமார்,மார்கழி மாதத்து பனித்துளி அவளது குரலாகும்,1
முழுமதி அவளது முகமாகும்,ஏ. ஆர். ரஹ்மான்,ஜோதா அக்பர்,நா முத்துக்குமார்,மகரந்த காட்டின் மான்குட்டி அவளது நடையாகும்,1
முழுமதி அவளது முகமாகும்,ஏ. ஆர். ரஹ்மான்,ஜோதா அக்பர்,நா முத்துக்குமார்,அவளை ஒரு நாள் நான் பார்த்தேன்,0
முழுமதி அவளது முகமாகும்,ஏ. ஆர். ரஹ்மான்,ஜோதா அக்பர்,நா முத்துக்குமார்,இதயம் கொடு என வரம் கேட்டேன் அதை கொடுத்தாள் உடனே எடுத்தே சென்றுவிட்டாள்,0
முழுமதி அவளது முகமாகும்,ஏ. ஆர். ரஹ்மான்,ஜோதா அக்பர்,நா முத்துக்குமார்,கால்தடமே பதியாத கடல்தீவு அவள்தானே,1
முழுமதி அவளது முகமாகும்,ஏ. ஆர். ரஹ்மான்,ஜோதா அக்பர்,நா முத்துக்குமார்,அதன் வாசனை மணலில் பூச்செடி ஆக நினைத்தேன்,0
முழுமதி அவளது முகமாகும்,ஏ. ஆர். ரஹ்மான்,ஜோதா அக்பர்,நா முத்துக்குமார்,கேட்டதுமே மறக்காத மெல்லிசையும் அவள்தானே,1
முழுமதி அவளது முகமாகும்,ஏ. ஆர். ரஹ்மான்,ஜோதா அக்பர்,நா முத்துக்குமார்,அதன் பல்லவி சரணம் புரிந்தும் மௌனத்தில் இருந்தேன்,0
முழுமதி அவளது முகமாகும்,ஏ. ஆர். ரஹ்மான்,ஜோதா அக்பர்,நா முத்துக்குமார்,ஒரு கரையாக அவளிருக்க மறுகரையாக நான் இருக்க,0
முழுமதி அவளது முகமாகும்,ஏ. ஆர். ரஹ்மான்,ஜோதா அக்பர்,நா முத்துக்குமார்,இடையில் தனிமை தளும்புதே நதியாய்,1
முழுமதி அவளது முகமாகும்,ஏ. ஆர். ரஹ்மான்,ஜோதா அக்பர்,நா முத்துக்குமார்,கானல் நீரில் மீன் பிடிக்க கைகள் நினைத்தால் முடிந்திடுமா,0
முழுமதி அவளது முகமாகும்,ஏ. ஆர். ரஹ்மான்,ஜோதா அக்பர்,நா முத்துக்குமார்,நிகழ்காலம் நடுவே வேடிக்கை பார்க்கிறதே,0
முழுமதி அவளது முகமாகும்,ஏ. ஆர். ரஹ்மான்,ஜோதா அக்பர்,நா முத்துக்குமார்,அமைதியுடன் அவள் வந்தாள் விரல்களை நான் பிடித்து கொண்டேன்,0
முழுமதி அவளது முகமாகும்,ஏ. ஆர். ரஹ்மான்,ஜோதா அக்பர்,நா முத்துக்குமார்,பல வானவில் பார்த்தே வழியில் தொடர்ந்தது பயணம்,0
முழுமதி அவளது முகமாகும்,ஏ. ஆர். ரஹ்மான்,ஜோதா அக்பர்,நா முத்துக்குமார்,உறக்கம் வந்தே தலைகோத மரத்தடியில்,0
முழுமதி அவளது முகமாகும்,ஏ. ஆர். ரஹ்மான்,ஜோதா அக்பர்,நா முத்துக்குமார்,இளைப்பாறி கண் திறந்தேன் அவளும் இல்லை கசந்தது நிமிடம்,0
முழுமதி அவளது முகமாகும்,ஏ. ஆர். ரஹ்மான்,ஜோதா அக்பர்,நா முத்துக்குமார்,அருகில் இருந்தால் ஒரு நிமிடம் தொலைவில் தெரிந்தால் மறு நிமிடம்,0
முழுமதி அவளது முகமாகும்,ஏ. ஆர். ரஹ்மான்,ஜோதா அக்பர்,நா முத்துக்குமார்,கண்களில் மறையும் பொய்மான் போல் ஓடுகிறாள்,1
முழுமதி அவளது முகமாகும்,ஏ. ஆர். ரஹ்மான்,ஜோதா அக்பர்,நா முத்துக்குமார்,அவளுக்கும் எனக்கும் நடுவினிலே திரையொன்று தெரிந்தது,0
முழுமதி அவளது முகமாகும்,ஏ. ஆர். ரஹ்மான்,ஜோதா அக்பர்,நா முத்துக்குமார்,எதிரினிலே முகம் மூடி அணிந்தால் முகங்கள் தெரிந்திடுமா,0
வெளிச்ச பூவே,அனிருத்,எதிர்நீச்சல்,வாலி,ஓ ஹோ மின் வெட்டு நாளில் இங்கே மின்சாரம் போல வந்தாயே,1
வெளிச்ச பூவே,அனிருத்,எதிர்நீச்சல்,வாலி,வா வா என் வெளிச்ச பூவே வா,1
வெளிச்ச பூவே,அனிருத்,எதிர்நீச்சல்,வாலி,உயிர் தீட்டும் உயிலே வா,1
வெளிச்ச பூவே,அனிருத்,எதிர்நீச்சல்,வாலி,குளிர் நீக்கும் வெயிலே வா,1
வெளிச்ச பூவே,அனிருத்,எதிர்நீச்சல்,வாலி,அழைதேன் வா அன்பே,0
வெளிச்ச பூவே,அனிருத்,எதிர்நீச்சல்,வாலி,மழை மேகம் வரும் போதே,0
வெளிச்ச பூவே,அனிருத்,எதிர்நீச்சல்,வாலி,மயில் தோகை விரியாதோ,0
வெளிச்ச பூவே,அனிருத்,எதிர்நீச்சல்,வாலி,காதல் காதல் ஒரு ஜொரம்,0
வெளிச்ச பூவே,அனிருத்,எதிர்நீச்சல்,வாலி,காலம் யாவும் அது வரும்,0
வெளிச்ச பூவே,அனிருத்,எதிர்நீச்சல்,வாலி,"ஆதாம், ஏவால் தொடங்கிய கலை",0
வெளிச்ச பூவே,அனிருத்,எதிர்நீச்சல்,வாலி,தொடர் கதை அடங்கியதில்லையே,0
வெளிச்ச பூவே,அனிருத்,எதிர்நீச்சல்,வாலி,ஜப்பானில் விழித்து எப்போது நடந்தாய்,0
வெளிச்ச பூவே,அனிருத்,எதிர்நீச்சல்,வாலி,கை கால்கள் முளைத்த ஹைகூவே,1
வெளிச்ச பூவே,அனிருத்,எதிர்நீச்சல்,வாலி,ஓ ஜவாத்து மனதை உன் மீது தெளிக்கும்,1
வெளிச்ச பூவே,அனிருத்,எதிர்நீச்சல்,வாலி,ஹைகூவும் உனகோர் கை பூவே,0
வெளிச்ச பூவே,அனிருத்,எதிர்நீச்சல்,வாலி,விலகாமல் கூடும் விழாக்கள் நாள் தோறும்,0
வெளிச்ச பூவே,அனிருத்,எதிர்நீச்சல்,வாலி,ஓ பிரியாத வண்ணம் புறாக்கள் தோல் சேரும்...,0
வெளிச்ச பூவே,அனிருத்,எதிர்நீச்சல்,வாலி,ஈச்சம் பூவே தொடு தொடு,0
வெளிச்ச பூவே,அனிருத்,எதிர்நீச்சல்,வாலி,கூச்சம் யாவும் விடு விடு,0
வெளிச்ச பூவே,அனிருத்,எதிர்நீச்சல்,வாலி,ஏக்கம் தாக்கும் இளமை ஒரு,0
வெளிச்ச பூவே,அனிருத்,எதிர்நீச்சல்,வாலி,இளமையில் தவிப்பது தகுமா,0
கண்ணானா கண்ணே,டி. இமான்,விஸ்வாசம்,தாமரை,கண்ணான கண்ணே,1
கண்ணானா கண்ணே,டி. இமான்,விஸ்வாசம்,தாமரை,என் மீது சாய வா,0
கண்ணானா கண்ணே,டி. இமான்,விஸ்வாசம்,தாமரை,புண்னான நெஞ்சை,0
கண்ணானா கண்ணே,டி. இமான்,விஸ்வாசம்,தாமரை,பொன்னான கையால்,1
கண்ணானா கண்ணே,டி. இமான்,விஸ்வாசம்,தாமரை,பூ போல நீவ வா,0
கண்ணானா கண்ணே,டி. இமான்,விஸ்வாசம்,தாமரை,நான் காத்து நின்றேன்,0
கண்ணானா கண்ணே,டி. இமான்,விஸ்வாசம்,தாமரை,காலங்கள் தோறும்,0
கண்ணானா கண்ணே,டி. இமான்,விஸ்வாசம்,தாமரை,என் ஏக்கம் தீருமா,0
கண்ணானா கண்ணே,டி. இமான்,விஸ்வாசம்,தாமரை,நான் பார்த்து நின்றேன்,0
கண்ணானா கண்ணே,டி. இமான்,விஸ்வாசம்,தாமரை,பொன் வானம் எங்கும்,1
கண்ணானா கண்ணே,டி. இமான்,விஸ்வாசம்,தாமரை,என் மின்னல் தோன்றுமா,0
கண்ணானா கண்ணே,டி. இமான்,விஸ்வாசம்,தாமரை,தண்ணீராய் மேகம் தூறும்,0
கண்ணானா கண்ணே,டி. இமான்,விஸ்வாசம்,தாமரை,கண்ணீர் சேரும்,0
கண்ணானா கண்ணே,டி. இமான்,விஸ்வாசம்,தாமரை,கற்கண்டாய் மாறுமா,0
கண்ணானா கண்ணே,டி. இமான்,விஸ்வாசம்,தாமரை,அலை கடலின் நடுவே,0
கண்ணானா கண்ணே,டி. இமான்,விஸ்வாசம்,தாமரை,அலைந்திடவா தனியே,0
கண்ணானா கண்ணே,டி. இமான்,விஸ்வாசம்,தாமரை,படகெனவே உனையே,1
கண்ணானா கண்ணே,டி. இமான்,விஸ்வாசம்,தாமரை,பார்த்தேன் கண்ணே,0
கண்ணானா கண்ணே,டி. இமான்,விஸ்வாசம்,தாமரை,புதை மணலில் வீழ்ந்து புதைந்திடவே இருந்தேன்,0
கண்ணானா கண்ணே,டி. இமான்,விஸ்வாசம்,தாமரை,குறு நகையை எரிந்தே மீட்டாய் என்னை,0
கண்ணானா கண்ணே,டி. இமான்,விஸ்வாசம்,தாமரை,விண்ணோடும் மண்ணோடும் வாடும்,0
கண்ணானா கண்ணே,டி. இமான்,விஸ்வாசம்,தாமரை,பெரும் ஊஞ்சல் மணதோரம்,0
கண்ணானா கண்ணே,டி. இமான்,விஸ்வாசம்,தாமரை,கண்பட்டு நூல் விட்டு போகும்,0
கண்ணானா கண்ணே,டி. இமான்,விஸ்வாசம்,தாமரை,என ஏதோ பயம் கூடும்,0
கண்ணானா கண்ணே,டி. இமான்,விஸ்வாசம்,தாமரை,மயில் ஒன்றை பார்க்கிறேன்,0
கண்ணானா கண்ணே,டி. இமான்,விஸ்வாசம்,தாமரை,மழையாகி ஆடினேன்,0
கண்ணானா கண்ணே,டி. இமான்,விஸ்வாசம்,தாமரை,இந்த உற்சாகம் போதும்,0
கண்ணானா கண்ணே,டி. இமான்,விஸ்வாசம்,தாமரை,சாக தோன்றும் இதே வினாடி,0
ஆசை ஆசை,வித்யாசாகர்,தூள்,பா விஜய்,ஆசை ஆசை இப்பொழுது பேராசை இப்பொழுது,0
ஆசை ஆசை,வித்யாசாகர்,தூள்,பா விஜய்,ஆசை தீரும் காலம் எப்பொழுது?,0
ஆசை ஆசை,வித்யாசாகர்,தூள்,பா விஜய்,கண்ணால் உன்னால் இப்பொழுது,0
ஆசை ஆசை,வித்யாசாகர்,தூள்,பா விஜய்,காயங்கள் இப்பொழுது,0
ஆசை ஆசை,வித்யாசாகர்,தூள்,பா விஜய்,காயம் தீரும் காலம் எப்பொழுது?,0
ஆசை ஆசை,வித்யாசாகர்,தூள்,பா விஜய்,மலையாய் எழுந்தேன் நான் இப்பொழுது,1
ஆசை ஆசை,வித்யாசாகர்,தூள்,பா விஜய்,மணலாய் விரிந்தேன் நான் இப்பொழுது,1
ஆசை ஆசை,வித்யாசாகர்,தூள்,பா விஜய்,சுவடை பதிப்பாய் நீ எப்பொழுது?,0
ஆசை ஆசை,வித்யாசாகர்,தூள்,பா விஜய்,தலை முதல் கால் வரை இப்பொழுது,0
ஆசை ஆசை,வித்யாசாகர்,தூள்,பா விஜய்,நீ தவறுகள் செய்வது எப்பொழுது?,0
ஆசை ஆசை,வித்யாசாகர்,தூள்,பா விஜய்,ஓ.. இடைவெளி குறைந்தது இப்பொழுது,0
ஆசை ஆசை,வித்யாசாகர்,தூள்,பா விஜய்,உன் இதழ்களை துவைப்பது எப்பொழுது?,0
ஆசை ஆசை,வித்யாசாகர்,தூள்,பா விஜய்,அறுகம்புல் ஆகிறேன் இப்பொழுது,1
ஆசை ஆசை,வித்யாசாகர்,தூள்,பா விஜய்,அதை ஆடு தான் மேய்வது எப்பொழுது?,0
ஆசை ஆசை,வித்யாசாகர்,தூள்,பா விஜய்,திருவிழா ஆகிறேன் இப்பொழுது,1
ஆசை ஆசை,வித்யாசாகர்,தூள்,பா விஜய்,நீ எனக்குள் தொலைவது எப்பொழுது?,0
ஆசை ஆசை,வித்யாசாகர்,தூள்,பா விஜய்,புல்வெளி ஆகிறேன் இப்பொழுது,1
ஆசை ஆசை,வித்யாசாகர்,தூள்,பா விஜய்,நீ பனித்துளி ஆவது எப்பொழுது?,1
ஆசை ஆசை,வித்யாசாகர்,தூள்,பா விஜய்,ஆ... கொட்டும் மழை நான் இப்பொழுது,1
ஆசை ஆசை,வித்யாசாகர்,தூள்,பா விஜய்,உன் குடிநீராவது எப்பொழுது?,1
ஆசை ஆசை,வித்யாசாகர்,தூள்,பா விஜய்,கிணற்றில் சூரியன் இப்பொழுது,1
ஆசை ஆசை,வித்யாசாகர்,தூள்,பா விஜய்,உன் கிழக்கில் உதிப்பது எப்பொழுது?,0
ஆசை ஆசை,வித்யாசாகர்,தூள்,பா விஜய்,புடவை கருவில் இப்பொழுது,0
ஆசை ஆசை,வித்யாசாகர்,தூள்,பா விஜய்,நீ புதிதாய் பிறப்பது எப்பொழுது?,0
அழகூரில் பூத்தவளே,வித்யாசாகர்,திருமலை,பா விஜய்,அழகூரில் பூத்தவளே என்னை அடியோடு சாய்த்தவளே,1
அழகூரில் பூத்தவளே,வித்யாசாகர்,திருமலை,பா விஜய்,மழையூரின் சாரலிலே என்னை மார்போடு சேர்த்தவளே,0
அழகூரில் பூத்தவளே,வித்யாசாகர்,திருமலை,பா விஜய்,உனை அள்ளித்தானே உயிர் நூலில் கோர்ப்பேன்,0
அழகூரில் பூத்தவளே,வித்யாசாகர்,திருமலை,பா விஜய்,உயிர் நூலில் கோர்த்து உதிராமல் காப்பேன்,0
அழகூரில் பூத்தவளே,வித்யாசாகர்,திருமலை,பா விஜய்,நீ உடுத்தி போட்ட உடை என் வயதை மேயுமடா,0
அழகூரில் பூத்தவளே,வித்யாசாகர்,திருமலை,பா விஜய்,நீ சுருட்டி போட்ட முடி மோதிரமாய் ஆகுமடி,1
அழகூரில் பூத்தவளே,வித்யாசாகர்,திருமலை,பா விஜய்,இமையாலே நீ கிருக்க இதழாலே நான் அழைக்க,0
அழகூரில் பூத்தவளே,வித்யாசாகர்,திருமலை,பா விஜய்,கூச்சம் இங்கே கூச்சப்பட்டு போகிறதே,0
அழகூரில் பூத்தவளே,வித்யாசாகர்,திருமலை,பா விஜய்,சடையாலே நீ இழுக்க இடைமேலே நான் வழுக்க,0
அழகூரில் பூத்தவளே,வித்யாசாகர்,திருமலை,பா விஜய்,காய்ச்சலுக்கும் காய்ச்சல் வந்து வேகிறதே,0
அழகூரில் பூத்தவளே,வித்யாசாகர்,திருமலை,பா விஜய்,என்னை திரியாக்கி உன்னில் விளக்கேற்றி எந்நாளும் காத்திருப்பேன்,1
அழகூரில் பூத்தவளே,வித்யாசாகர்,திருமலை,பா விஜய்,ஹோய் ஹோய் அழகூரில் பூத்தவளே என்னை அடியோடு சாய்த்தவளே,0
அழகூரில் பூத்தவளே,வித்யாசாகர்,திருமலை,பா விஜய்,நீ முறிக்கும் சோம்பலிலே நான் ஒடிஞ்சு சாஞ்சிடுவேன்,0
அழகூரில் பூத்தவளே,வித்யாசாகர்,திருமலை,பா விஜய்,நீ இழுக்கும் மூச்சுக்குள்ளே நான் இறங்கி தூங்கிடுவேன்,0
அழகூரில் பூத்தவளே,வித்யாசாகர்,திருமலை,பா விஜய்,குறிலாக நான் இருக்க நெடிலாக நீ வளர்க்க,1
அழகூரில் பூத்தவளே,வித்யாசாகர்,திருமலை,பா விஜய்,சென்னை தமிழ் சங்கத்தமிழ் ஆனதடி,0
அழகூரில் பூத்தவளே,வித்யாசாகர்,திருமலை,பா விஜய்,அறியாமல் நான் இருக்க அழகாக நீ திறக்க,0
அழகூரில் பூத்தவளே,வித்யாசாகர்,திருமலை,பா விஜய்,காதல் மழை ஆயுள் வரை தூருமடா,1
அழகூரில் பூத்தவளே,வித்யாசாகர்,திருமலை,பா விஜய்,என்னை மறந்தாலும் உன்னை மறவாத நெஞ்சோடு நானிருப்பேன்,0
அழகூரில் பூத்தவளே,வித்யாசாகர்,திருமலை,பா விஜய்,ஹோய் ஹோய் ஹோய் அன்பூரில் பூத்தவனே,0
அழகூரில் பூத்தவளே,வித்யாசாகர்,திருமலை,பா விஜய்,ஹ்ம்ம் ஹ்ம்ம் என்னை அடியோடு சாய்த்தவளே,0
ஸ்வாசமே ஸ்வாசமே,ஏ. ஆர். ரஹ்மான்,தெனாலி,பா விஜய்,என்ன சொல்லி என்னைச் சொல்ல,0
ஸ்வாசமே ஸ்வாசமே,ஏ. ஆர். ரஹ்மான்,தெனாலி,பா விஜய்,காதல் என்னைக் கையால் தள்ள,0
ஸ்வாசமே ஸ்வாசமே,ஏ. ஆர். ரஹ்மான்,தெனாலி,பா விஜய்,இதயம்தான் சரிந்ததே உன்னிடம் மெல்ல,0
ஸ்வாசமே ஸ்வாசமே,ஏ. ஆர். ரஹ்மான்,தெனாலி,பா விஜய்,ஸ்வாசமே ஸ்வாசமே,1
ஸ்வாசமே ஸ்வாசமே,ஏ. ஆர். ரஹ்மான்,தெனாலி,பா விஜய்,ஜன்னல் காற்றாகி வா ஜரிகைப் பூவாகி வா,1
ஸ்வாசமே ஸ்வாசமே,ஏ. ஆர். ரஹ்மான்,தெனாலி,பா விஜய்,மின்னல் மழையாகி வா உயிரின் மூச்சாகி வா,1
ஸ்வாசமே ஸ்வாசமே,ஏ. ஆர். ரஹ்மான்,தெனாலி,பா விஜய்,வாசமே வாசமே வாசமே வாசமே,1
ஸ்வாசமே ஸ்வாசமே,ஏ. ஆர். ரஹ்மான்,தெனாலி,பா விஜய்,என்ன் சொல்லி என்னைச் சொல்ல,0
ஸ்வாசமே ஸ்வாசமே,ஏ. ஆர். ரஹ்மான்,தெனாலி,பா விஜய்,கண்கள் ரெண்டில் கண்கள் செல்ல,0
ஸ்வாசமே ஸ்வாசமே,ஏ. ஆர். ரஹ்மான்,தெனாலி,பா விஜய்,சிறகுகள் முளைக்குதே மனசுக்குள் மெல்ல,0
ஸ்வாசமே ஸ்வாசமே,ஏ. ஆர். ரஹ்மான்,தெனாலி,பா விஜய்,இடது கண்ணாலே அகிம்சைகள் செய்தாய்,0
ஸ்வாசமே ஸ்வாசமே,ஏ. ஆர். ரஹ்மான்,தெனாலி,பா விஜய்,வலது கண்ணாலே வன்முறை செய்தாய்,0
ஸ்வாசமே ஸ்வாசமே,ஏ. ஆர். ரஹ்மான்,தெனாலி,பா விஜய்,ஆறறிவோடு உயிரது கொண்டேன்,0
ஸ்வாசமே ஸ்வாசமே,ஏ. ஆர். ரஹ்மான்,தெனாலி,பா விஜய்,ஏழாம் அறிவாக காதல் வரக் கண்டேன்,0
ஸ்வாசமே ஸ்வாசமே,ஏ. ஆர். ரஹ்மான்,தெனாலி,பா விஜய்,இயற்கையின் கோளாறில் இயங்கிய என்னை,0
ஸ்வாசமே ஸ்வாசமே,ஏ. ஆர். ரஹ்மான்,தெனாலி,பா விஜய்,செயற்கைக் கோளாக உன்னைச் சுற்றச் வைத்தாய்,0
ஸ்வாசமே ஸ்வாசமே,ஏ. ஆர். ரஹ்மான்,தெனாலி,பா விஜய்,அணுசக்திப் பார்வையில் உயிர்சக்தி தந்தாய்,1
ஸ்வாசமே ஸ்வாசமே,ஏ. ஆர். ரஹ்மான்,தெனாலி,பா விஜய்,இசைத்தட்டு போலே இருந்த என் நெஞ்சை,1
ஸ்வாசமே ஸ்வாசமே,ஏ. ஆர். ரஹ்மான்,தெனாலி,பா விஜய்,பறக்கும் தட்டாக பறந்திடச் செய்தாய்,1
ஸ்வாசமே ஸ்வாசமே,ஏ. ஆர். ரஹ்மான்,தெனாலி,பா விஜய்,நதிகளில்லாத அரபு தேசம் நான்,1
ஸ்வாசமே ஸ்வாசமே,ஏ. ஆர். ரஹ்மான்,தெனாலி,பா விஜய்,நைல் நதியாக எனக்குள்ளே வந்தாய்,1
ஸ்வாசமே ஸ்வாசமே,ஏ. ஆர். ரஹ்மான்,தெனாலி,பா விஜய்,நிலவு இல்லாத புதன் கிரகம் நானே,1
ஸ்வாசமே ஸ்வாசமே,ஏ. ஆர். ரஹ்மான்,தெனாலி,பா விஜய்,முழு நிலவாக என்னுடன் சேர்ந்தாய்,1
ஸ்வாசமே ஸ்வாசமே,ஏ. ஆர். ரஹ்மான்,தெனாலி,பா விஜய்,எனக்காக நீ கிடைத்தாய் விடிந்து விட்டேனே,0
வான் நிலா,ஏ. ஆர். ரஹ்மான்,காதல் வைரஸ்,வாலி,வான் நிலா தரும் ஒளி இவள் விழி,1
வான் நிலா,ஏ. ஆர். ரஹ்மான்,காதல் வைரஸ்,வாலி,தேன் பலா தரும் சுவை இவள் மொழி,1
வான் நிலா,ஏ. ஆர். ரஹ்மான்,காதல் வைரஸ்,வாலி,தமிழ் தானோ,0
வான் நிலா,ஏ. ஆர். ரஹ்மான்,காதல் வைரஸ்,வாலி,பார் புகழ் நயில் நதி இவள் நடை,1
வான் நிலா,ஏ. ஆர். ரஹ்மான்,காதல் வைரஸ்,வாலி,தாமரை மலர்கொடி இவள் இடை,1
வான் நிலா,ஏ. ஆர். ரஹ்மான்,காதல் வைரஸ்,வாலி,தமிழ் பெண்ணோ,0
வான் நிலா,ஏ. ஆர். ரஹ்மான்,காதல் வைரஸ்,வாலி,உன் அழகினை பாட என் தமிழ்மொழி போதாது,0
வான் நிலா,ஏ. ஆர். ரஹ்மான்,காதல் வைரஸ்,வாலி,நான் உவமைகள் சொன்னால் அது முழுமையென்றாகாத,0
வான் நிலா,ஏ. ஆர். ரஹ்மான்,காதல் வைரஸ்,வாலி,நீ ஒரே ஒருதரம் பிறந்தவள்,0
வான் நிலா,ஏ. ஆர். ரஹ்மான்,காதல் வைரஸ்,வாலி,அவள் படைப்பினில் மிக சிறந்தவள் ஓ…ஹோ…ஹோ….,0
வான் நிலா,ஏ. ஆர். ரஹ்மான்,காதல் வைரஸ்,வாலி,சிலு சிலுவென விழும் புது பனி துளியோ..,0
வான் நிலா,ஏ. ஆர். ரஹ்மான்,காதல் வைரஸ்,வாலி,மழை எழுதும் முதல் கவியோ…,0
வான் நிலா,ஏ. ஆர். ரஹ்மான்,காதல் வைரஸ்,வாலி,தம். தம் தம்…சங்…சங்கீதம்.,0
வான் நிலா,ஏ. ஆர். ரஹ்மான்,காதல் வைரஸ்,வாலி,கொலுசொலி ஜல்..,0
வான் நிலா,ஏ. ஆர். ரஹ்மான்,காதல் வைரஸ்,வாலி,நீலம் தோய்த்த அந்த ஆகாயம்,0
வான் நிலா,ஏ. ஆர். ரஹ்மான்,காதல் வைரஸ்,வாலி,உந்தன் மேலாடும் நூலாடையோ…,0
வான் நிலா,ஏ. ஆர். ரஹ்மான்,காதல் வைரஸ்,வாலி,ஓருதரம் சிரிக்கையில் நவரசம் தெறிக்கையில்,0
வான் நிலா,ஏ. ஆர். ரஹ்மான்,காதல் வைரஸ்,வாலி,புது புது கவிதைகள் புறப்படும் புறப்படும்,0
வான் நிலா,ஏ. ஆர். ரஹ்மான்,காதல் வைரஸ்,வாலி,ரதியே ரதம் போல் நடந்தே,1
வான் நிலா,ஏ. ஆர். ரஹ்மான்,காதல் வைரஸ்,வாலி,நீ வரும் வழி எங்கும்,0
வான் நிலா,ஏ. ஆர். ரஹ்மான்,காதல் வைரஸ்,வாலி,குருஞ்சி மலர்போல் குலுங்கும்,1
வான் நிலா,ஏ. ஆர். ரஹ்மான்,காதல் வைரஸ்,வாலி,கூர் நெருஞ்சி முள் எங்கும்,0
வான் நிலா,ஏ. ஆர். ரஹ்மான்,காதல் வைரஸ்,வாலி,நதிக்குள் குதிக்கும் மீன்கள்,0
வான் நிலா,ஏ. ஆர். ரஹ்மான்,காதல் வைரஸ்,வாலி,உன் நீள் விழி கண்டு…,0
வான் நிலா,ஏ. ஆர். ரஹ்மான்,காதல் வைரஸ்,வாலி,நிலத்தில் வாழும் மீனோ என வியப்பதுண்டு,0
வான் நிலா,ஏ. ஆர். ரஹ்மான்,காதல் வைரஸ்,வாலி,தினம் தினம் மனதினில் உந்தன் முகமெழுதி,0
வான் நிலா,ஏ. ஆர். ரஹ்மான்,காதல் வைரஸ்,வாலி,ரசித்திருப்பேன் உயிர் தழுவி,0
வான் நிலா,ஏ. ஆர். ரஹ்மான்,காதல் வைரஸ்,வாலி,கா. தல்.. தேவி… என் நெஞ்சம்,0
வான் நிலா,ஏ. ஆர். ரஹ்மான்,காதல் வைரஸ்,வாலி,உன் கோயில் தான்… காதல் என்றும்,0
வான் நிலா,ஏ. ஆர். ரஹ்மான்,காதல் வைரஸ்,வாலி,அந்த கோயில் தீபம் என்று,0
வான் நிலா,ஏ. ஆர். ரஹ்மான்,காதல் வைரஸ்,வாலி,எண்ணங்கள் ஏற்றாதோ….,0
வான் நிலா,ஏ. ஆர். ரஹ்மான்,காதல் வைரஸ்,வாலி,இடி மின்னல் மழையிலும் அடிக்கின்ற புயலிலும்,0
வான் நிலா,ஏ. ஆர். ரஹ்மான்,காதல் வைரஸ்,வாலி,உயிருள்ள வரையிலும் ஒளி விடும் விளக்கிது,0
வான் நிலா,ஏ. ஆர். ரஹ்மான்,காதல் வைரஸ்,வாலி,எனைத்தான் கணம் நீ பிரிந்தால்,0
வான் நிலா,ஏ. ஆர். ரஹ்மான்,காதல் வைரஸ்,வாலி,நீர் விழிகளும் வார்க்கும்,0
வான் நிலா,ஏ. ஆர். ரஹ்மான்,காதல் வைரஸ்,வாலி,உன்னைத்தான் வருத்தும் அவள் யார்,0
வான் நிலா,ஏ. ஆர். ரஹ்மான்,காதல் வைரஸ்,வாலி,என இயற்கையும் கேட்கும்,0
வான் நிலா,ஏ. ஆர். ரஹ்மான்,காதல் வைரஸ்,வாலி,பெண்ணை அழகாய் படைத்த,0
வான் நிலா,ஏ. ஆர். ரஹ்மான்,காதல் வைரஸ்,வாலி,அந்த இயற்கையின் வேலை,0
வான் நிலா,ஏ. ஆர். ரஹ்மான்,காதல் வைரஸ்,வாலி,அறிந்தும் எஅனையே கேட்டால் அட,0
வான் நிலா,ஏ. ஆர். ரஹ்மான்,காதல் வைரஸ்,வாலி,இது என்ன லீலை….,0
மன்னிப்பாயா,ஏ. ஆர். ரஹ்மான்,விண்ணை தாண்டி வருவாயா,தாமரை,கடலில் மீனாக இருந்தவள் நான்,1
மன்னிப்பாயா,ஏ. ஆர். ரஹ்மான்,விண்ணை தாண்டி வருவாயா,தாமரை,உனக்கென கரை தாண்டி வந்தவள்தான்,0
மன்னிப்பாயா,ஏ. ஆர். ரஹ்மான்,விண்ணை தாண்டி வருவாயா,தாமரை,துடித்திருந்தேன் தரையினிலே,0
மன்னிப்பாயா,ஏ. ஆர். ரஹ்மான்,விண்ணை தாண்டி வருவாயா,தாமரை,திரும்பிவிட்டேன் என் கடலிடமே,0
மன்னிப்பாயா,ஏ. ஆர். ரஹ்மான்,விண்ணை தாண்டி வருவாயா,தாமரை,ஒரு நாள் சிரித்தேன்,0
மன்னிப்பாயா,ஏ. ஆர். ரஹ்மான்,விண்ணை தாண்டி வருவாயா,தாமரை,மறுநாள் வெறுத்தேன்,0
மன்னிப்பாயா,ஏ. ஆர். ரஹ்மான்,விண்ணை தாண்டி வருவாயா,தாமரை,உனை நான் கொல்லாமல் கொன்று புதைத்தேனே,0
மன்னிப்பாயா,ஏ. ஆர். ரஹ்மான்,விண்ணை தாண்டி வருவாயா,தாமரை,மன்னிப்பாயா… மன்னிப்பாயா… மன்னிப்பாயா,0
மன்னிப்பாயா,ஏ. ஆர். ரஹ்மான்,விண்ணை தாண்டி வருவாயா,தாமரை,கண்ணே தடுமாறி நடந்தேன்,0
மன்னிப்பாயா,ஏ. ஆர். ரஹ்மான்,விண்ணை தாண்டி வருவாயா,தாமரை,நூலில் ஆடும் மழையாகிப் போனேன்,1
மன்னிப்பாயா,ஏ. ஆர். ரஹ்மான்,விண்ணை தாண்டி வருவாயா,தாமரை,உன்னால்தான் கலைஞனாய் ஆனேனே,1
மன்னிப்பாயா,ஏ. ஆர். ரஹ்மான்,விண்ணை தாண்டி வருவாயா,தாமரை,தொலை தூரத்தில் வெளிச்சம் நீ,1
மன்னிப்பாயா,ஏ. ஆர். ரஹ்மான்,விண்ணை தாண்டி வருவாயா,தாமரை,உனை நோக்கியே எனை ஈர்க்கிறாயே,0
மன்னிப்பாயா,ஏ. ஆர். ரஹ்மான்,விண்ணை தாண்டி வருவாயா,தாமரை,மேலும் மேலும் உருகி உருகி,0
மன்னிப்பாயா,ஏ. ஆர். ரஹ்மான்,விண்ணை தாண்டி வருவாயா,தாமரை,உன்னை எண்ணி ஏங்கும் இதயத்தை என்ன செய்வேன்,0
மன்னிப்பாயா,ஏ. ஆர். ரஹ்மான்,விண்ணை தாண்டி வருவாயா,தாமரை,ஓடும் நீரில் ஓர் அலைதான் நான்…,1
மன்னிப்பாயா,ஏ. ஆர். ரஹ்மான்,விண்ணை தாண்டி வருவாயா,தாமரை,உள்ளே உள்ள ஈரம் நீதான்…,1
மன்னிப்பாயா,ஏ. ஆர். ரஹ்மான்,விண்ணை தாண்டி வருவாயா,தாமரை,வரம் கிடைத்தும் நான் தவறவிட்டேன்…,0
மன்னிப்பாயா,ஏ. ஆர். ரஹ்மான்,விண்ணை தாண்டி வருவாயா,தாமரை,மன்னிப்பாயா… அன்பே…,0
மன்னிப்பாயா,ஏ. ஆர். ரஹ்மான்,விண்ணை தாண்டி வருவாயா,தாமரை,காற்றிலே ஆடும் காகிதம் நான்…,1
மன்னிப்பாயா,ஏ. ஆர். ரஹ்மான்,விண்ணை தாண்டி வருவாயா,தாமரை,நீதான் என்னை கடிதம் ஆக்கினாய்…,1
மன்னிப்பாயா,ஏ. ஆர். ரஹ்மான்,விண்ணை தாண்டி வருவாயா,தாமரை,அன்பில் தொடங்கி அன்பில் முடிக்கிறேன்…,0
மன்னிப்பாயா,ஏ. ஆர். ரஹ்மான்,விண்ணை தாண்டி வருவாயா,தாமரை,என் கலங்கரை விளக்கமே…,1
மன்னிப்பாயா,ஏ. ஆர். ரஹ்மான்,விண்ணை தாண்டி வருவாயா,தாமரை,அன்பிற்கும் உண்டோ உண்டோ அழைக்கும் தாழ்…,0
மன்னிப்பாயா,ஏ. ஆர். ரஹ்மான்,விண்ணை தாண்டி வருவாயா,தாமரை,அன்பிற்க்கும் உண்டோ அழைக்கும் தாழ்…,0
மன்னிப்பாயா,ஏ. ஆர். ரஹ்மான்,விண்ணை தாண்டி வருவாயா,தாமரை,ஆர்வல புண்கண்ணீர் பூசல் தரும்…,0
மன்னிப்பாயா,ஏ. ஆர். ரஹ்மான்,விண்ணை தாண்டி வருவாயா,தாமரை,அன்பிலார் எல்லாம் தமக்குரியர்…,0
மன்னிப்பாயா,ஏ. ஆர். ரஹ்மான்,விண்ணை தாண்டி வருவாயா,தாமரை,அன்புடையார் என்றும் உரியர் பிறர்க்கு…,0
மன்னிப்பாயா,ஏ. ஆர். ரஹ்மான்,விண்ணை தாண்டி வருவாயா,தாமரை,புலம்பல் எனச் சென்றேன் புல்லிறேன் நெஞ்சம்…,0
மன்னிப்பாயா,ஏ. ஆர். ரஹ்மான்,விண்ணை தாண்டி வருவாயா,தாமரை,கலத்தல் உருவது கண்டு…,0
மன்னிப்பாயா,ஏ. ஆர். ரஹ்மான்,விண்ணை தாண்டி வருவாயா,தாமரை,ஏன் என் வாழ்வில் வந்தாய் கண்ணா நீ…,0
மன்னிப்பாயா,ஏ. ஆர். ரஹ்மான்,விண்ணை தாண்டி வருவாயா,தாமரை,போவாயோ கானல் நீர் போலே தோன்றி…,1
மன்னிப்பாயா,ஏ. ஆர். ரஹ்மான்,விண்ணை தாண்டி வருவாயா,தாமரை,அனைவரும் உறங்கிடும் இரவெனும் நேரம்…,0
மன்னிப்பாயா,ஏ. ஆர். ரஹ்மான்,விண்ணை தாண்டி வருவாயா,தாமரை,எனக்கது தலையணை நனைத்திடும் நேரம்…,0
அடடா மழைடா,யுவன் ஷங்கர் ராஜா,பையா,நா முத்துக்குமார்,அடடா மழைடா அட மழைடா,0
அடடா மழைடா,யுவன் ஷங்கர் ராஜா,பையா,நா முத்துக்குமார்,அழகா சிாிச்சா புயல் மழைடா,0
அடடா மழைடா,யுவன் ஷங்கர் ராஜா,பையா,நா முத்துக்குமார்,அடடா மழைடா அட மழைடா,0
அடடா மழைடா,யுவன் ஷங்கர் ராஜா,பையா,நா முத்துக்குமார்,அழகா சிாிச்சா புயல் மழைடா,0
அடடா மழைடா,யுவன் ஷங்கர் ராஜா,பையா,நா முத்துக்குமார்,மாறி மாறி மழை அடிக்க,0
அடடா மழைடா,யுவன் ஷங்கர் ராஜா,பையா,நா முத்துக்குமார்,மனசுக்குள்ள குடை பிடிக்க,0
அடடா மழைடா,யுவன் ஷங்கர் ராஜா,பையா,நா முத்துக்குமார்,கால்கள் நாலாச்சு கைகள் எட்டாச்சு,0
அடடா மழைடா,யுவன் ஷங்கர் ராஜா,பையா,நா முத்துக்குமார்,என்னாச்சு ஏதாச்சு ஏதேதோ ஆயாச்சு,0
அடடா மழைடா,யுவன் ஷங்கர் ராஜா,பையா,நா முத்துக்குமார்,மயில் தோக போல இவ மழையில் ஆடும் போது,1
அடடா மழைடா,யுவன் ஷங்கர் ராஜா,பையா,நா முத்துக்குமார்,ரயில் பாலம் போல என் மனசும் ஆடும் பாரு,1
அடடா மழைடா,யுவன் ஷங்கர் ராஜா,பையா,நா முத்துக்குமார்,என்னாச்சு ஏதாச்சு ஏதேதோ ஆயாச்சு,0
அடடா மழைடா,யுவன் ஷங்கர் ராஜா,பையா,நா முத்துக்குமார்,பாட்டு பாட்டு பாடாத பாட்டு,0
அடடா மழைடா,யுவன் ஷங்கர் ராஜா,பையா,நா முத்துக்குமார்,மழை தான் பாடுது கேட்காத பாட்டு,0
அடடா மழைடா,யுவன் ஷங்கர் ராஜா,பையா,நா முத்துக்குமார்,உன்னை என்னை சோ்த்து வச்ச,0
அடடா மழைடா,யுவன் ஷங்கர் ராஜா,பையா,நா முத்துக்குமார்,மழைக்கொரு சலாம் போடு,0
அடடா மழைடா,யுவன் ஷங்கர் ராஜா,பையா,நா முத்துக்குமார்,என்னை கொஞ்சம் காணலயே,0
அடடா மழைடா,யுவன் ஷங்கர் ராஜா,பையா,நா முத்துக்குமார்,உனக்குள்ள தேடி பாரு,0
அடடா மழைடா,யுவன் ஷங்கர் ராஜா,பையா,நா முத்துக்குமார்,மந்திரம் போல இருக்கு,1
அடடா மழைடா,யுவன் ஷங்கர் ராஜா,பையா,நா முத்துக்குமார்,புது தந்திரம் போல இருக்கு,1
அடடா மழைடா,யுவன் ஷங்கர் ராஜா,பையா,நா முத்துக்குமார்,பம்பரம் போல எனக்கு,1
அடடா மழைடா,யுவன் ஷங்கர் ராஜா,பையா,நா முத்துக்குமார்,தல மத்தியில் சுத்துது கிறுக்கு,0
அடடா மழைடா,யுவன் ஷங்கர் ராஜா,பையா,நா முத்துக்குமார்,தேவதை எங்கே என் தேவதை எங்கே,1
அடடா மழைடா,யுவன் ஷங்கர் ராஜா,பையா,நா முத்துக்குமார்,அது சந்தோஷமா ஆடுது இங்கே,0
அடடா மழைடா,யுவன் ஷங்கர் ராஜா,பையா,நா முத்துக்குமார்,உன்னப்போல வேறாறும் இல்ல,0
அடடா மழைடா,யுவன் ஷங்கர் ராஜா,பையா,நா முத்துக்குமார்,என்னவிட்டா வேறாறு சொல்ல,0
அடடா மழைடா,யுவன் ஷங்கர் ராஜா,பையா,நா முத்துக்குமார்,சின்ன சின்ன கண்ணு ரெண்டு,0
அடடா மழைடா,யுவன் ஷங்கர் ராஜா,பையா,நா முத்துக்குமார்,கொடுத்தென்ன அனுப்பி வெச்சான்,0
அடடா மழைடா,யுவன் ஷங்கர் ராஜா,பையா,நா முத்துக்குமார்,இந்த கண்ணு போதலயே,0
அடடா மழைடா,யுவன் ஷங்கர் ராஜா,பையா,நா முத்துக்குமார்,எதுக்கிவள படைச்சி வெச்சான்,0
அடடா மழைடா,யுவன் ஷங்கர் ராஜா,பையா,நா முத்துக்குமார்,பட்டாம்பூச்சி பொண்ணு,1
அடடா மழைடா,யுவன் ஷங்கர் ராஜா,பையா,நா முத்துக்குமார்,நெஞ்சு படபடக்கும் நின்னு,0
அடடா மழைடா,யுவன் ஷங்கர் ராஜா,பையா,நா முத்துக்குமார்,பூவும் இவளும் ஒண்ணு,1
அடடா மழைடா,யுவன் ஷங்கர் ராஜா,பையா,நா முத்துக்குமார்,என்னை கொன்னுப்புட்டா கொன்னு,0
அடடா மழைடா,யுவன் ஷங்கர் ராஜா,பையா,நா முத்துக்குமார்,போவது எங்கே நான் போவது எங்கே,0
அடடா மழைடா,யுவன் ஷங்கர் ராஜா,பையா,நா முத்துக்குமார்,மனம் தள்ளாடுதே போதையில் இங்கே,0
அடடா மழைடா,யுவன் ஷங்கர் ராஜா,பையா,நா முத்துக்குமார்,பின்னி பின்னி மழை அடிக்க,0
அடடா மழைடா,யுவன் ஷங்கர் ராஜா,பையா,நா முத்துக்குமார்,மின்னல் வந்து குடை பிடிக்க,0
அடடா மழைடா,யுவன் ஷங்கர் ராஜா,பையா,நா முத்துக்குமார்,வானம் ரெண்டாச்சு பூமி துண்டாச்சு,0
அடடா மழைடா,யுவன் ஷங்கர் ராஜா,பையா,நா முத்துக்குமார்,என் மூச்சு காத்தால மழ கூட சூடாச்சு,0
அடடா மழைடா,யுவன் ஷங்கர் ராஜா,பையா,நா முத்துக்குமார்,குடையை நீட்டி யாரும்,0
அடடா மழைடா,யுவன் ஷங்கர் ராஜா,பையா,நா முத்துக்குமார்,இந்த மழையை தடுக்க வேணாம்,0
அடடா மழைடா,யுவன் ஷங்கர் ராஜா,பையா,நா முத்துக்குமார்,அணைய போட்டு யாரும்,0
அடடா மழைடா,யுவன் ஷங்கர் ராஜா,பையா,நா முத்துக்குமார்,என் மனச அடக்க வேணாம்,0
அடடா மழைடா,யுவன் ஷங்கர் ராஜா,பையா,நா முத்துக்குமார்,கொண்டாடு கொண்டாடு கூத்தாடி கொண்டாடு,0
அரபு நாடே,யுவன் ஷங்கர் ராஜா,தொட்டால் பூ மலரும்,வாலி,லஹில லஹிலா,0
அரபு நாடே,யுவன் ஷங்கர் ராஜா,தொட்டால் பூ மலரும்,வாலி,முகத்தை எப்போதும்,0
அரபு நாடே,யுவன் ஷங்கர் ராஜா,தொட்டால் பூ மலரும்,வாலி,மூடி வைக்காதே எனது,0
அரபு நாடே,யுவன் ஷங்கர் ராஜா,தொட்டால் பூ மலரும்,வாலி,நெஞ்சத்தில் முள்ளை,0
அரபு நாடே,யுவன் ஷங்கர் ராஜா,தொட்டால் பூ மலரும்,வாலி,தைக்காதே,0
அரபு நாடே,யுவன் ஷங்கர் ராஜா,தொட்டால் பூ மலரும்,வாலி,என் கண்மணி,1
அரபு நாடே,யுவன் ஷங்கர் ராஜா,தொட்டால் பூ மலரும்,வாலி,காதோடு சொல் உன்,0
அரபு நாடே,யுவன் ஷங்கர் ராஜா,தொட்டால் பூ மலரும்,வாலி,முகவரி ஓ ஓ எந்நாளுமே,0
அரபு நாடே,யுவன் ஷங்கர் ராஜா,தொட்டால் பூ மலரும்,வாலி,என் பாட்டுக்கு நீ முதல்,0
அரபு நாடே,யுவன் ஷங்கர் ராஜா,தொட்டால் பூ மலரும்,வாலி,வரி ஹே ஹே ஹே,0
அரபு நாடே,யுவன் ஷங்கர் ராஜா,தொட்டால் பூ மலரும்,வாலி,அரபு நாடே அசந்து நிற்கும் அழகியா நீ உருது,0
அரபு நாடே,யுவன் ஷங்கர் ராஜா,தொட்டால் பூ மலரும்,வாலி,கவிஞன் உமர்கயாமின் கவிதையா ஹே ஹே,1
அரபு நாடே,யுவன் ஷங்கர் ராஜா,தொட்டால் பூ மலரும்,வாலி,ஏ உன்னுடைய,0
அரபு நாடே,யுவன் ஷங்கர் ராஜா,தொட்டால் பூ மலரும்,வாலி,நெற்றி உன்னை பற்றி,0
அரபு நாடே,யுவன் ஷங்கர் ராஜா,தொட்டால் பூ மலரும்,வாலி,கூறுதே உள்ளிருக்கும்,0
அரபு நாடே,யுவன் ஷங்கர் ராஜா,தொட்டால் பூ மலரும்,வாலி,பொட்டு உந்தன் குட்டு,0
அரபு நாடே,யுவன் ஷங்கர் ராஜா,தொட்டால் பூ மலரும்,வாலி,சொல்லுதே,0
அரபு நாடே,யுவன் ஷங்கர் ராஜா,தொட்டால் பூ மலரும்,வாலி,என்னுடைய பார்வை,0
அரபு நாடே,யுவன் ஷங்கர் ராஜா,தொட்டால் பூ மலரும்,வாலி,கழுகு பார்வை தெரிஞ்சுக்கோ,1
அரபு நாடே,யுவன் ஷங்கர் ராஜா,தொட்டால் பூ மலரும்,வாலி,ஓஓ எனக்கிருக்கும் சக்தி பரா,0
அரபு நாடே,யுவன் ஷங்கர் ராஜா,தொட்டால் பூ மலரும்,வாலி,சக்தி புரிஞ்சுக்கோ,0
அரபு நாடே,யுவன் ஷங்கர் ராஜா,தொட்டால் பூ மலரும்,வாலி,கால் கொலுசு தான்,0
அரபு நாடே,யுவன் ஷங்கர் ராஜா,தொட்டால் பூ மலரும்,வாலி,கல கலக்குது கையின்,0
அரபு நாடே,யுவன் ஷங்கர் ராஜா,தொட்டால் பூ மலரும்,வாலி,வளையல் காது குளிர,1
அரபு நாடே,யுவன் ஷங்கர் ராஜா,தொட்டால் பூ மலரும்,வாலி,கானம் பாட ஹே ஹே,0
அரபு நாடே,யுவன் ஷங்கர் ராஜா,தொட்டால் பூ மலரும்,வாலி,போட்டிருக்கும்,0
அரபு நாடே,யுவன் ஷங்கர் ராஜா,தொட்டால் பூ மலரும்,வாலி,கோஷா வேஷம் பேஷா,0
அரபு நாடே,யுவன் ஷங்கர் ராஜா,தொட்டால் பூ மலரும்,வாலி,பொருந்துதே பெண் அழகு,0
அரபு நாடே,யுவன் ஷங்கர் ராஜா,தொட்டால் பூ மலரும்,வாலி,மொத்தம் காண சித்தம் விரும்புதே,0
அரபு நாடே,யுவன் ஷங்கர் ராஜா,தொட்டால் பூ மலரும்,வாலி,வெண்ணிலாவின் தேகம் மூடும் மேகம்விலகுமா,0
அரபு நாடே,யுவன் ஷங்கர் ராஜா,தொட்டால் பூ மலரும்,வாலி,வண்ண உடல்,0
அரபு நாடே,யுவன் ஷங்கர் ராஜா,தொட்டால் பூ மலரும்,வாலி,யாவும் காணும் யோகம்,0
அரபு நாடே,யுவன் ஷங்கர் ராஜா,தொட்டால் பூ மலரும்,வாலி,வாய்க்குமா,0
அரபு நாடே,யுவன் ஷங்கர் ராஜா,தொட்டால் பூ மலரும்,வாலி,கொஞ்சம் கொழுப்பு,0
அரபு நாடே,யுவன் ஷங்கர் ராஜா,தொட்டால் பூ மலரும்,வாலி,கொஞ்சம் திமிரு எனக்கும்,0
அரபு நாடே,யுவன் ஷங்கர் ராஜா,தொட்டால் பூ மலரும்,வாலி,இருக்கு உனக்கு மேலே,0
அரபு நாடே,யுவன் ஷங்கர் ராஜா,தொட்டால் பூ மலரும்,வாலி,அன்பு தோழி ஹே ஹே,0
சிறகுகள் வந்தது,யுவன் ஷங்கர் ராஜா,சர்வம்,பா விஜய்,சிறகுகள் வந்தது,0
சிறகுகள் வந்தது,யுவன் ஷங்கர் ராஜா,சர்வம்,பா விஜய்,எங்கோ செல்ல இரவுகள்,0
சிறகுகள் வந்தது,யுவன் ஷங்கர் ராஜா,சர்வம்,பா விஜய்,தீர்ந்தது கண்ணில் மெல்ல,0
சிறகுகள் வந்தது,யுவன் ஷங்கர் ராஜா,சர்வம்,பா விஜய்,நினைவுகள் ஏங்குது உன்னை,0
சிறகுகள் வந்தது,யுவன் ஷங்கர் ராஜா,சர்வம்,பா விஜய்,காணவே,0
சிறகுகள் வந்தது,யுவன் ஷங்கர் ராஜா,சர்வம்,பா விஜய்,கனவுகள் பொங்குது,0
சிறகுகள் வந்தது,யுவன் ஷங்கர் ராஜா,சர்வம்,பா விஜய்,எதிலே அள்ள வலிகளும்,0
சிறகுகள் வந்தது,யுவன் ஷங்கர் ராஜா,சர்வம்,பா விஜய்,சேர்ந்தது உள்ளே கிள்ள,0
சிறகுகள் வந்தது,யுவன் ஷங்கர் ராஜா,சர்வம்,பா விஜய்,சுகங்களும் கூடுது உன்னை,0
சிறகுகள் வந்தது,யுவன் ஷங்கர் ராஜா,சர்வம்,பா விஜய்,தேடியே,0
சிறகுகள் வந்தது,யுவன் ஷங்கர் ராஜா,சர்வம்,பா விஜய்,உன்னை உன்னை,0
சிறகுகள் வந்தது,யுவன் ஷங்கர் ராஜா,சர்வம்,பா விஜய்,தாண்டி செல்ல கொஞ்ச,0
சிறகுகள் வந்தது,யுவன் ஷங்கர் ராஜா,சர்வம்,பா விஜய்,காலம் கொஞ்ச தூரம்,0
சிறகுகள் வந்தது,யுவன் ஷங்கர் ராஜா,சர்வம்,பா விஜய்,கொஞ்ச நேரம் கூட,0
சிறகுகள் வந்தது,யுவன் ஷங்கர் ராஜா,சர்வம்,பா விஜய்,என்னால் ஆகுமோ,0
சிறகுகள் வந்தது,யுவன் ஷங்கர் ராஜா,சர்வம்,பா விஜய்,உன்னை உன்னை,0
சிறகுகள் வந்தது,யுவன் ஷங்கர் ராஜா,சர்வம்,பா விஜய்,தேடி தானே இந்த ஏக்கம்,0
சிறகுகள் வந்தது,யுவன் ஷங்கர் ராஜா,சர்வம்,பா விஜய்,இந்த பாதை இந்த பயணம்,0
சிறகுகள் வந்தது,யுவன் ஷங்கர் ராஜா,சர்வம்,பா விஜய்,இந்த வாழ்க்கை ஆனதோ,0
சிறகுகள் வந்தது,யுவன் ஷங்கர் ராஜா,சர்வம்,பா விஜய்,ஓ நதியே நீ எங்கே,1
சிறகுகள் வந்தது,யுவன் ஷங்கர் ராஜா,சர்வம்,பா விஜய்,என்று கரைகள் தேட கூடாதா,1
சிறகுகள் வந்தது,யுவன் ஷங்கர் ராஜா,சர்வம்,பா விஜய்,நிலவே நீ எங்கே என்று,1
சிறகுகள் வந்தது,யுவன் ஷங்கர் ராஜா,சர்வம்,பா விஜய்,முகில்கள் தேட கூடாதா,1
சிறகுகள் வந்தது,யுவன் ஷங்கர் ராஜா,சர்வம்,பா விஜய்,ஓ மழை இரவினில்,0
சிறகுகள் வந்தது,யுவன் ஷங்கர் ராஜா,சர்வம்,பா விஜய்,குயிலின் கீதம் துடிப்பதை,1
சிறகுகள் வந்தது,யுவன் ஷங்கர் ராஜா,சர்வம்,பா விஜய்,யார் அறிவார் கடல் மடியினில்,0
சிறகுகள் வந்தது,யுவன் ஷங்கர் ராஜா,சர்வம்,பா விஜய்,கிடக்கும் பலரின் கனவுகள்,0
சிறகுகள் வந்தது,யுவன் ஷங்கர் ராஜா,சர்வம்,பா விஜய்,அழகே நீ எங்கிருக்கிறாய்,1
சிறகுகள் வந்தது,யுவன் ஷங்கர் ராஜா,சர்வம்,பா விஜய்,வலித்தால் அன்பே நீ அங்கிருக்கிறாய்,0
சிறகுகள் வந்தது,யுவன் ஷங்கர் ராஜா,சர்வம்,பா விஜய்,உயிரே நீ என்ன செய்கிறாய்,1
சிறகுகள் வந்தது,யுவன் ஷங்கர் ராஜா,சர்வம்,பா விஜய்,உயிரின் உள்ளே வந்து செல்கிறாய்,0
சிறகுகள் வந்தது,யுவன் ஷங்கர் ராஜா,சர்வம்,பா விஜய்,அன்பே எந்தன்,0
சிறகுகள் வந்தது,யுவன் ஷங்கர் ராஜா,சர்வம்,பா விஜய்,நெஞ்சம் எங்கே பூவின்,0
சிறகுகள் வந்தது,யுவன் ஷங்கர் ராஜா,சர்வம்,பா விஜய்,உள்ளே நிலவின் மேலே,0
சிறகுகள் வந்தது,யுவன் ஷங்கர் ராஜா,சர்வம்,பா விஜய்,தீயின் கீழே காற்றின்,0
சிறகுகள் வந்தது,யுவன் ஷங்கர் ராஜா,சர்வம்,பா விஜய்,வெளியே இல்லையே,0
சிறகுகள் வந்தது,யுவன் ஷங்கர் ராஜா,சர்வம்,பா விஜய்,உந்தன் கண்ணில்,0
சிறகுகள் வந்தது,யுவன் ஷங்கர் ராஜா,சர்வம்,பா விஜய்,உந்தன் மூச்சில் உந்தன்,0
சிறகுகள் வந்தது,யுவன் ஷங்கர் ராஜா,சர்வம்,பா விஜய்,இரவில் உந்தன் நெஞ்சில்,0
சிறகுகள் வந்தது,யுவன் ஷங்கர் ராஜா,சர்வம்,பா விஜய்,உந்தன் கையில் உந்தன்,0
சிறகுகள் வந்தது,யுவன் ஷங்கர் ராஜா,சர்வம்,பா விஜய்,உயிரில் உள்ளதே,0
சிறகுகள் வந்தது,யுவன் ஷங்கர் ராஜா,சர்வம்,பா விஜய்,ஒரு இமை எங்கிலும்,0
சிறகுகள் வந்தது,யுவன் ஷங்கர் ராஜா,சர்வம்,பா விஜய்,தேனில் மூழ்க ஒரு இமை,0
சிறகுகள் வந்தது,யுவன் ஷங்கர் ராஜா,சர்வம்,பா விஜய்,மாத்திரம் வலியில் நோக,0
சிறகுகள் வந்தது,யுவன் ஷங்கர் ராஜா,சர்வம்,பா விஜய்,இடையினில் எப்படி கனவும் காணுமோ,0
வா வா நிலவை,யுவன் ஷங்கர் ராஜா,நான் மகான் அல்ல,நா முத்துக்குமார்,வா வா நிலவை புடிச்சுத் தரவா,0
வா வா நிலவை,யுவன் ஷங்கர் ராஜா,நான் மகான் அல்ல,நா முத்துக்குமார்,வெள்ளி பொம்மையாக்கி தரவா,0
வா வா நிலவை,யுவன் ஷங்கர் ராஜா,நான் மகான் அல்ல,நா முத்துக்குமார்,ஓஹோ விடியும் போதுதான்,0
வா வா நிலவை,யுவன் ஷங்கர் ராஜா,நான் மகான் அல்ல,நா முத்துக்குமார்,மறைஞ்சு போகுமே,0
வா வா நிலவை,யுவன் ஷங்கர் ராஜா,நான் மகான் அல்ல,நா முத்துக்குமார்,கட்டிப்போடு மெதுவா,0
வா வா நிலவை,யுவன் ஷங்கர் ராஜா,நான் மகான் அல்ல,நா முத்துக்குமார்,வானத்தில் ஏறி ஏணி கட்டு,0
வா வா நிலவை,யுவன் ஷங்கர் ராஜா,நான் மகான் அல்ல,நா முத்துக்குமார்,மேகத்தை அள்ளி மால கட்டு,0
வா வா நிலவை,யுவன் ஷங்கர் ராஜா,நான் மகான் அல்ல,நா முத்துக்குமார்,வா வா கட்டலாம்,0
வா வா நிலவை,யுவன் ஷங்கர் ராஜா,நான் மகான் அல்ல,நா முத்துக்குமார்,அன்பால் படி கட்டு,0
வா வா நிலவை,யுவன் ஷங்கர் ராஜா,நான் மகான் அல்ல,நா முத்துக்குமார்,வா வா கட்டலாம்,0
வா வா நிலவை,யுவன் ஷங்கர் ராஜா,நான் மகான் அல்ல,நா முத்துக்குமார்,அன்பால் படி கட்டு,0
வா வா நிலவை,யுவன் ஷங்கர் ராஜா,நான் மகான் அல்ல,நா முத்துக்குமார்,கவலை நம்மை சில நேரம்,0
வா வா நிலவை,யுவன் ஷங்கர் ராஜா,நான் மகான் அல்ல,நா முத்துக்குமார்,கூரு போட்டு துண்டாக்கும்,0
வா வா நிலவை,யுவன் ஷங்கர் ராஜா,நான் மகான் அல்ல,நா முத்துக்குமார்,தீயினை தீண்டி வாழும்போதே,0
வா வா நிலவை,யுவன் ஷங்கர் ராஜா,நான் மகான் அல்ல,நா முத்துக்குமார்,தீபத்தில் வெளிச்சம் உண்டாகும்,0
வா வா நிலவை,யுவன் ஷங்கர் ராஜா,நான் மகான் அல்ல,நா முத்துக்குமார்,கடலை சேரும் நதி யாவும்,0
வா வா நிலவை,யுவன் ஷங்கர் ராஜா,நான் மகான் அல்ல,நா முத்துக்குமார்,தன்னை தொலைத்து உப்பாகும்,0
வா வா நிலவை,யுவன் ஷங்கர் ராஜா,நான் மகான் அல்ல,நா முத்துக்குமார்,ஆயினும் கூட மழையாய் மாறி,0
வா வா நிலவை,யுவன் ஷங்கர் ராஜா,நான் மகான் அல்ல,நா முத்துக்குமார்,மீண்டும் அதுவே முத்தாகும்,0
வா வா நிலவை,யுவன் ஷங்கர் ராஜா,நான் மகான் அல்ல,நா முத்துக்குமார்,ஒரு வட்டம்போலே வாழ்வாகும்,1
வா வா நிலவை,யுவன் ஷங்கர் ராஜா,நான் மகான் அல்ல,நா முத்துக்குமார்,வாசல்கள் இல்லா கனவாகும்,0
வா வா நிலவை,யுவன் ஷங்கர் ராஜா,நான் மகான் அல்ல,நா முத்துக்குமார்,அதில் முதலும் இல்லை முடிவும் இல்லை,0
வா வா நிலவை,யுவன் ஷங்கர் ராஜா,நான் மகான் அல்ல,நா முத்துக்குமார்,புரிந்தால் துயரம் இல்லை,0
வா வா நிலவை,யுவன் ஷங்கர் ராஜா,நான் மகான் அல்ல,நா முத்துக்குமார்,இரவை பார்த்து மிரளாதே,0
வா வா நிலவை,யுவன் ஷங்கர் ராஜா,நான் மகான் அல்ல,நா முத்துக்குமார்,இதயம் வேர்த்து துவளாதே,0
வா வா நிலவை,யுவன் ஷங்கர் ராஜா,நான் மகான் அல்ல,நா முத்துக்குமார்,இரவுகள் மட்டும் இல்லை என்றால்,0
வா வா நிலவை,யுவன் ஷங்கர் ராஜா,நான் மகான் அல்ல,நா முத்துக்குமார்,நிலவின் அழகு தெரியாதே,0
வா வா நிலவை,யுவன் ஷங்கர் ராஜா,நான் மகான் அல்ல,நா முத்துக்குமார்,கனவில் நீயும் வாழாதே,0
வா வா நிலவை,யுவன் ஷங்கர் ராஜா,நான் மகான் அல்ல,நா முத்துக்குமார்,கலையும் போது வருந்தாதே,0
வா வா நிலவை,யுவன் ஷங்கர் ராஜா,நான் மகான் அல்ல,நா முத்துக்குமார்,கனவில் பூக்கும் பூக்களை எல்லாம்,0
வா வா நிலவை,யுவன் ஷங்கர் ராஜா,நான் மகான் அல்ல,நா முத்துக்குமார்,கைகளில் பறித்திட முடியாதே,0
வா வா நிலவை,யுவன் ஷங்கர் ராஜா,நான் மகான் அல்ல,நா முத்துக்குமார்,அந்த வானம் போலே உறவாகும்,1
வா வா நிலவை,யுவன் ஷங்கர் ராஜா,நான் மகான் அல்ல,நா முத்துக்குமார்,மேகங்கள் தினமும் வரும் போகும்,0
வா வா நிலவை,யுவன் ஷங்கர் ராஜா,நான் மகான் அல்ல,நா முத்துக்குமார்,அட வந்தது போனால்,0
வா வா நிலவை,யுவன் ஷங்கர் ராஜா,நான் மகான் அல்ல,நா முத்துக்குமார்,மறுபடி ஒன்று புதிதாய் உருவாகும்,0
இறகை போலே,யுவன் ஷங்கர் ராஜா,நான் மகான் அல்ல,யுகபாரதி,இறகை போலே,1
இறகை போலே,யுவன் ஷங்கர் ராஜா,நான் மகான் அல்ல,யுகபாரதி,அலைகிறேனே உந்தன்,0
இறகை போலே,யுவன் ஷங்கர் ராஜா,நான் மகான் அல்ல,யுகபாரதி,பேச்சை கேட்கையிலே,0
இறகை போலே,யுவன் ஷங்கர் ராஜா,நான் மகான் அல்ல,யுகபாரதி,குழந்தை போலே தவழ்கிறேனே,1
இறகை போலே,யுவன் ஷங்கர் ராஜா,நான் மகான் அல்ல,யுகபாரதி,உந்தன் பார்வை தீண்டயிலே,0
இறகை போலே,யுவன் ஷங்கர் ராஜா,நான் மகான் அல்ல,யுகபாரதி,தொலையாமல்,0
இறகை போலே,யுவன் ஷங்கர் ராஜா,நான் மகான் அல்ல,யுகபாரதி,தொலைந்தேனே உன்,0
இறகை போலே,யுவன் ஷங்கர் ராஜா,நான் மகான் அல்ல,யுகபாரதி,கைகள் என்னை தொட்டதும்,0
இறகை போலே,யுவன் ஷங்கர் ராஜா,நான் மகான் அல்ல,யுகபாரதி,கரையாமல் கரைந்தேனே,0
இறகை போலே,யுவன் ஷங்கர் ராஜா,நான் மகான் அல்ல,யுகபாரதி,உன் மூச்சு காற்று பட்டதும்,0
இறகை போலே,யுவன் ஷங்கர் ராஜா,நான் மகான் அல்ல,யுகபாரதி,அநியாய காதல்,0
இறகை போலே,யுவன் ஷங்கர் ராஜா,நான் மகான் அல்ல,யுகபாரதி,வந்ததே அடங்காத ஆசை,0
இறகை போலே,யுவன் ஷங்கர் ராஜா,நான் மகான் அல்ல,யுகபாரதி,தந்ததே எனக்குள்ளே ஏதோ,0
இறகை போலே,யுவன் ஷங்கர் ராஜா,நான் மகான் அல்ல,யுகபாரதி,மின்னல் போலே தொட்டு சென்றதே,1
இறகை போலே,யுவன் ஷங்கர் ராஜா,நான் மகான் அல்ல,யுகபாரதி,கண்ணோரம் காதல்,0
இறகை போலே,யுவன் ஷங்கர் ராஜா,நான் மகான் அல்ல,யுகபாரதி,வந்தால் கண்ணீரும் தித்திப்பாகும்,0
இறகை போலே,யுவன் ஷங்கர் ராஜா,நான் மகான் அல்ல,யுகபாரதி,வேறுஒன்றும் தேவையில்லை,0
இறகை போலே,யுவன் ஷங்கர் ராஜா,நான் மகான் அல்ல,யுகபாரதி,நீ மட்டும் போதும் போதும்,0
இறகை போலே,யுவன் ஷங்கர் ராஜா,நான் மகான் அல்ல,யுகபாரதி,என்னோடு நீயும்,0
இறகை போலே,யுவன் ஷங்கர் ராஜா,நான் மகான் அல்ல,யுகபாரதி,வந்தால் எல்லாமே கையில்,0
இறகை போலே,யுவன் ஷங்கர் ராஜா,நான் மகான் அல்ல,யுகபாரதி,சேரும் வேறுஒன்றும்,0
இறகை போலே,யுவன் ஷங்கர் ராஜா,நான் மகான் அல்ல,யுகபாரதி,தேவையில்லை நீ மட்டும்,0
இறகை போலே,யுவன் ஷங்கர் ராஜா,நான் மகான் அல்ல,யுகபாரதி,போதும் போதும் ஓ ஓ ஓ,0
இறகை போலே,யுவன் ஷங்கர் ராஜா,நான் மகான் அல்ல,யுகபாரதி,கூட வந்து நீ நிற்பதும்,0
இறகை போலே,யுவன் ஷங்கர் ராஜா,நான் மகான் அல்ல,யுகபாரதி,கூடுவிட்டு நான் செல்வதும்,0
இறகை போலே,யுவன் ஷங்கர் ராஜா,நான் மகான் அல்ல,யுகபாரதி,தொடருதே தொடருதே நாடகம்,0
இறகை போலே,யுவன் ஷங்கர் ராஜா,நான் மகான் அல்ல,யுகபாரதி,பாதி மட்டுமே சொல்வதும்,0
இறகை போலே,யுவன் ஷங்கர் ராஜா,நான் மகான் அல்ல,யுகபாரதி,மீதி நெஞ்சிலே என்பதும்,0
இறகை போலே,யுவன் ஷங்கர் ராஜா,நான் மகான் அல்ல,யுகபாரதி,புரியுதே புரியுதே காரணம்,0
இறகை போலே,யுவன் ஷங்கர் ராஜா,நான் மகான் அல்ல,யுகபாரதி,நேரங்கள் தீருதே,0
இறகை போலே,யுவன் ஷங்கர் ராஜா,நான் மகான் அல்ல,யுகபாரதி,வேகங்கள் கூடுதே பூவே,1
இறகை போலே,யுவன் ஷங்கர் ராஜா,நான் மகான் அல்ல,யுகபாரதி,உன் கண்ணுக்குள்ளே பூமி,0
இறகை போலே,யுவன் ஷங்கர் ராஜா,நான் மகான் அல்ல,யுகபாரதி,பந்து சுத்துதே,0
இறகை போலே,யுவன் ஷங்கர் ராஜா,நான் மகான் அல்ல,யுகபாரதி,ஹே என்னானதோ,0
இறகை போலே,யுவன் ஷங்கர் ராஜா,நான் மகான் அல்ல,யுகபாரதி,ஏதானதோ இல்லாமல் போச்சே,0
இறகை போலே,யுவன் ஷங்கர் ராஜா,நான் மகான் அல்ல,யுகபாரதி,தூக்கமும் கண்ணே உன்னை,0
இறகை போலே,யுவன் ஷங்கர் ராஜா,நான் மகான் அல்ல,யுகபாரதி,காணாமல் நான் இல்லை ஓ ஓ,0
இறகை போலே,யுவன் ஷங்கர் ராஜா,நான் மகான் அல்ல,யுகபாரதி,என்மீதிலே உன் வாசனை,0
இறகை போலே,யுவன் ஷங்கர் ராஜா,நான் மகான் அல்ல,யுகபாரதி,எப்போதும் வீச,0
இறகை போலே,யுவன் ஷங்கர் ராஜா,நான் மகான் அல்ல,யுகபாரதி,பார்கிறேன் அன்பே உன்னை,1
இறகை போலே,யுவன் ஷங்கர் ராஜா,நான் மகான் அல்ல,யுகபாரதி,சேராமல் வாழ்வில்லை ஓ ஓ,0
இறகை போலே,யுவன் ஷங்கர் ராஜா,நான் மகான் அல்ல,யுகபாரதி,நீ என்னை காண்பதே வானவில் போன்றதே,1
இறகை போலே,யுவன் ஷங்கர் ராஜா,நான் மகான் அல்ல,யுகபாரதி,துாரத்தில் உன்னை கண்டால் தூறல் நெஞ்சில் சிந்துதே,0
காட்டுச் சிறுக்கி,ஏ. ஆர். ரஹ்மான்,ராவணன்,வைரமுத்து,காட்டுச் சிறுக்கி,1
காட்டுச் சிறுக்கி,ஏ. ஆர். ரஹ்மான்,ராவணன்,வைரமுத்து,காட்டுச் சிறுக்கி யார் காட்டுச் சிறுக்கி இவ,1
காட்டுச் சிறுக்கி,ஏ. ஆர். ரஹ்மான்,ராவணன்,வைரமுத்து,மழை கொடுப்பாளோ,0
காட்டுச் சிறுக்கி,ஏ. ஆர். ரஹ்மான்,ராவணன்,வைரமுத்து,இடி இடிப்பாளோ,0
காட்டுச் சிறுக்கி,ஏ. ஆர். ரஹ்மான்,ராவணன்,வைரமுத்து,மாயமாய் போவாளோ,0
காட்டுச் சிறுக்கி,ஏ. ஆர். ரஹ்மான்,ராவணன்,வைரமுத்து,ஈக்கி மின்னல் அடிக்குதடி,0
காட்டுச் சிறுக்கி,ஏ. ஆர். ரஹ்மான்,ராவணன்,வைரமுத்து,யாத்தே,0
காட்டுச் சிறுக்கி,ஏ. ஆர். ரஹ்மான்,ராவணன்,வைரமுத்து,ஈர கொலக்,0
காட்டுச் சிறுக்கி,ஏ. ஆர். ரஹ்மான்,ராவணன்,வைரமுத்து,துடிக்குதடி,0
காட்டுச் சிறுக்கி,ஏ. ஆர். ரஹ்மான்,ராவணன்,வைரமுத்து,யாத்தே,0
காட்டுச் சிறுக்கி,ஏ. ஆர். ரஹ்மான்,ராவணன்,வைரமுத்து,நச்சு மனம்,0
காட்டுச் சிறுக்கி,ஏ. ஆர். ரஹ்மான்,ராவணன்,வைரமுத்து,மச்சினியோடு மச்சினியோடு,0
காட்டுச் சிறுக்கி,ஏ. ஆர். ரஹ்மான்,ராவணன்,வைரமுத்து,மருகுதடி அவ நெத்தியுல,0
காட்டுச் சிறுக்கி,ஏ. ஆர். ரஹ்மான்,ராவணன்,வைரமுத்து,வச்ச பொட்டுல என்,0
காட்டுச் சிறுக்கி,ஏ. ஆர். ரஹ்மான்,ராவணன்,வைரமுத்து,நெஞ்சாங்குழியே ஒட்டுதே,0
காட்டுச் சிறுக்கி,ஏ. ஆர். ரஹ்மான்,ராவணன்,வைரமுத்து,அவ நெத்தியுல வச்ச பொட்டுல,0
காட்டுச் சிறுக்கி,ஏ. ஆர். ரஹ்மான்,ராவணன்,வைரமுத்து,என் நெஞ்சாங்குழியே ஒட்டுதே,0
காட்டுச் சிறுக்கி,ஏ. ஆர். ரஹ்மான்,ராவணன்,வைரமுத்து,அவ பார்வையில் எலும்புக பல்பொடி ஆச்சே,1
காட்டுச் சிறுக்கி,ஏ. ஆர். ரஹ்மான்,ராவணன்,வைரமுத்து,தண்டயணிஞ்சவ,0
காட்டுச் சிறுக்கி,ஏ. ஆர். ரஹ்மான்,ராவணன்,வைரமுத்து,கொண்ட சரிஞ்சதும்,0
காட்டுச் சிறுக்கி,ஏ. ஆர். ரஹ்மான்,ராவணன்,வைரமுத்து,அண்ட சராசரம் போச்சு!,0
காட்டுச் சிறுக்கி,ஏ. ஆர். ரஹ்மான்,ராவணன்,வைரமுத்து,வண்டு தொடாமுகம்,0
காட்டுச் சிறுக்கி,ஏ. ஆர். ரஹ்மான்,ராவணன்,வைரமுத்து,கண்டு வனாந்தரம்,0
காட்டுச் சிறுக்கி,ஏ. ஆர். ரஹ்மான்,ராவணன்,வைரமுத்து,வாங்குதே பெருமூச்சு!,0
காட்டுச் சிறுக்கி,ஏ. ஆர். ரஹ்மான்,ராவணன்,வைரமுத்து,உச்சந்தல வகிடு வழி,0
காட்டுச் சிறுக்கி,ஏ. ஆர். ரஹ்மான்,ராவணன்,வைரமுத்து,ஒத்த மனமலையுதடி,0
காட்டுச் சிறுக்கி,ஏ. ஆர். ரஹ்மான்,ராவணன்,வைரமுத்து,ஒதட்டு வரி பள்ளத்துல,0
காட்டுச் சிறுக்கி,ஏ. ஆர். ரஹ்மான்,ராவணன்,வைரமுத்து,உசிர் விழுந்து தவிக்குதடி,0
காட்டுச் சிறுக்கி,ஏ. ஆர். ரஹ்மான்,ராவணன்,வைரமுத்து,பாழாப் போன மனசு,0
காட்டுச் சிறுக்கி,ஏ. ஆர். ரஹ்மான்,ராவணன்,வைரமுத்து,பசியெடுத்து,0
காட்டுச் சிறுக்கி,ஏ. ஆர். ரஹ்மான்,ராவணன்,வைரமுத்து,கொண்ட பத்தியத்த முறிக்குதடி,0
காட்டுச் சிறுக்கி,ஏ. ஆர். ரஹ்மான்,ராவணன்,வைரமுத்து,பாராங்கல்ல சொமந்து,0
காட்டுச் சிறுக்கி,ஏ. ஆர். ரஹ்மான்,ராவணன்,வைரமுத்து,வழி மறந்து,0
காட்டுச் சிறுக்கி,ஏ. ஆர். ரஹ்மான்,ராவணன்,வைரமுத்து,ஒரு நத்தக்குட்டி நகருதடி!,0
காட்டுச் சிறுக்கி,ஏ. ஆர். ரஹ்மான்,ராவணன்,வைரமுத்து,கொண்டக் காலு செவப்பும்,0
காட்டுச் சிறுக்கி,ஏ. ஆர். ரஹ்மான்,ராவணன்,வைரமுத்து,மூக்கு வனப்பும்,0
காட்டுச் சிறுக்கி,ஏ. ஆர். ரஹ்மான்,ராவணன்,வைரமுத்து,என்னக் கிறுக்குன்னு சிரிக்குதடி...,0
காட்டுச் சிறுக்கி,ஏ. ஆர். ரஹ்மான்,ராவணன்,வைரமுத்து,ஏ ஹே ஏர்,0
காட்டுச் சிறுக்கி,ஏ. ஆர். ரஹ்மான்,ராவணன்,வைரமுத்து,கிழிச்ச தடத்து வழி நீர் கிழிச்சு போவது போல் நீ கிழிச்ச கோட்டு,1
காட்டுச் சிறுக்கி,ஏ. ஆர். ரஹ்மான்,ராவணன்,வைரமுத்து,வழி நீளுதடி எம்பொழப்பு,0
காட்டுச் சிறுக்கி,ஏ. ஆர். ரஹ்மான்,ராவணன்,வைரமுத்து,ஊரான் காட்டு கனியே உன்ன நெனச்சு,1
காட்டுச் சிறுக்கி,ஏ. ஆர். ரஹ்மான்,ராவணன்,வைரமுத்து,நெஞ்சு சப்புக்கொட்டித்,0
காட்டுச் சிறுக்கி,ஏ. ஆர். ரஹ்மான்,ராவணன்,வைரமுத்து,துடிக்குதடி யாத்தே இது,0
காட்டுச் சிறுக்கி,ஏ. ஆர். ரஹ்மான்,ராவணன்,வைரமுத்து,சரியா இல்ல தவறா,0
காட்டுச் சிறுக்கி,ஏ. ஆர். ரஹ்மான்,ராவணன்,வைரமுத்து,நெஞ்சில் கத்திச் சண்டை,0
காட்டுச் சிறுக்கி,ஏ. ஆர். ரஹ்மான்,ராவணன்,வைரமுத்து,நடக்குதடி,0
காட்டுச் சிறுக்கி,ஏ. ஆர். ரஹ்மான்,ராவணன்,வைரமுத்து,உன்ன முன்ன,0
காட்டுச் சிறுக்கி,ஏ. ஆர். ரஹ்மான்,ராவணன்,வைரமுத்து,நிறுத்தி என்ன நடத்தி,0
காட்டுச் சிறுக்கி,ஏ. ஆர். ரஹ்மான்,ராவணன்,வைரமுத்து,கெட்ட விதி வந்து,0
காட்டுச் சிறுக்கி,ஏ. ஆர். ரஹ்மான்,ராவணன்,வைரமுத்து,சிரிக்குதடி,0
நெஞ்சில் ஜில் ஜில்,ஏ. ஆர். ரஹ்மான்,கன்னத்தில் முத்தமிட்டால்,வைரமுத்து,நெஞ்சில் ஜில் ஜில் ஜில் ஜில்,0
நெஞ்சில் ஜில் ஜில்,ஏ. ஆர். ரஹ்மான்,கன்னத்தில் முத்தமிட்டால்,வைரமுத்து,காதில் தில் தில் தில் தில்,0
நெஞ்சில் ஜில் ஜில்,ஏ. ஆர். ரஹ்மான்,கன்னத்தில் முத்தமிட்டால்,வைரமுத்து,கன்னத்தில் முத்தமிட்டால் நீ கன்னத்தில் முத்தமிட்டால்,0
நெஞ்சில் ஜில் ஜில்,ஏ. ஆர். ரஹ்மான்,கன்னத்தில் முத்தமிட்டால்,வைரமுத்து,ஒரு தெய்வம் தந்த பூவே,1
நெஞ்சில் ஜில் ஜில்,ஏ. ஆர். ரஹ்மான்,கன்னத்தில் முத்தமிட்டால்,வைரமுத்து,கண்ணில் தேடல் என்ன தாயே,0
நெஞ்சில் ஜில் ஜில்,ஏ. ஆர். ரஹ்மான்,கன்னத்தில் முத்தமிட்டால்,வைரமுத்து,வாழ்வு தொடங்கும் இடம் நீதானே!,0
நெஞ்சில் ஜில் ஜில்,ஏ. ஆர். ரஹ்மான்,கன்னத்தில் முத்தமிட்டால்,வைரமுத்து,வானம் முடியுமிடம் நீதானே!,0
நெஞ்சில் ஜில் ஜில்,ஏ. ஆர். ரஹ்மான்,கன்னத்தில் முத்தமிட்டால்,வைரமுத்து,காற்றைப் போல நீ வந்தாயே!,1
நெஞ்சில் ஜில் ஜில்,ஏ. ஆர். ரஹ்மான்,கன்னத்தில் முத்தமிட்டால்,வைரமுத்து,சுவாசமாக நீ நின்றாயே!,0
நெஞ்சில் ஜில் ஜில்,ஏ. ஆர். ரஹ்மான்,கன்னத்தில் முத்தமிட்டால்,வைரமுத்து,மார்பில் ஊறும் உயிரே!,1
நெஞ்சில் ஜில் ஜில்,ஏ. ஆர். ரஹ்மான்,கன்னத்தில் முத்தமிட்டால்,வைரமுத்து,எனது சொந்தம் நீ! எனது பகையும் நீ!,0
நெஞ்சில் ஜில் ஜில்,ஏ. ஆர். ரஹ்மான்,கன்னத்தில் முத்தமிட்டால்,வைரமுத்து,காதல் மலரும் நீ! கருவில் முள்ளும் நீ!,1
நெஞ்சில் ஜில் ஜில்,ஏ. ஆர். ரஹ்மான்,கன்னத்தில் முத்தமிட்டால்,வைரமுத்து,செல்ல மழையும் நீ! சின்ன இடியும் நீ!,1
நெஞ்சில் ஜில் ஜில்,ஏ. ஆர். ரஹ்மான்,கன்னத்தில் முத்தமிட்டால்,வைரமுத்து,பிறந்த உடலும் நீ! பிரியும் உயிரும் நீ!,0
நெஞ்சில் ஜில் ஜில்,ஏ. ஆர். ரஹ்மான்,கன்னத்தில் முத்தமிட்டால்,வைரமுத்து,மரணம் மீண்ட ஜனனம் நீ!,0
நெஞ்சில் ஜில் ஜில்,ஏ. ஆர். ரஹ்மான்,கன்னத்தில் முத்தமிட்டால்,வைரமுத்து,எனது செல்வம் நீ,1
நெஞ்சில் ஜில் ஜில்,ஏ. ஆர். ரஹ்மான்,கன்னத்தில் முத்தமிட்டால்,வைரமுத்து,எனது வறுமை நீ!,1
நெஞ்சில் ஜில் ஜில்,ஏ. ஆர். ரஹ்மான்,கன்னத்தில் முத்தமிட்டால்,வைரமுத்து,இழைத்த கவிதை நீ! ,1
நெஞ்சில் ஜில் ஜில்,ஏ. ஆர். ரஹ்மான்,கன்னத்தில் முத்தமிட்டால்,வைரமுத்து,எழுத்துப் பிழையும் நீ!,1
நெஞ்சில் ஜில் ஜில்,ஏ. ஆர். ரஹ்மான்,கன்னத்தில் முத்தமிட்டால்,வைரமுத்து,இரவல் வெளிச்சம் நீ! ,1
நெஞ்சில் ஜில் ஜில்,ஏ. ஆர். ரஹ்மான்,கன்னத்தில் முத்தமிட்டால்,வைரமுத்து,இரவின் கண்ணீர் நீ!,1
நெஞ்சில் ஜில் ஜில்,ஏ. ஆர். ரஹ்மான்,கன்னத்தில் முத்தமிட்டால்,வைரமுத்து,எனது வானம் நீ! ,1
நெஞ்சில் ஜில் ஜில்,ஏ. ஆர். ரஹ்மான்,கன்னத்தில் முத்தமிட்டால்,வைரமுத்து,இழந்த சிறகும் நீ!,1
நெஞ்சில் ஜில் ஜில்,ஏ. ஆர். ரஹ்மான்,கன்னத்தில் முத்தமிட்டால்,வைரமுத்து,நான் தூக்கி வளர்த்த துயரம் நீ!,1
சின்னம்மா சிலகம்மா,ஏ. ஆர். ரஹ்மான்,சக்கரைகட்டி,பா. விஜய்,சின்னம்மா சிலகம்மா நில்லு நில்லு நில்லு,0
சின்னம்மா சிலகம்மா,ஏ. ஆர். ரஹ்மான்,சக்கரைகட்டி,பா. விஜய்,செல்லம்மா சிலையம்மா சொல்லு சொல்லு சொல்லு,0
சின்னம்மா சிலகம்மா,ஏ. ஆர். ரஹ்மான்,சக்கரைகட்டி,பா. விஜய்,அம்மம்மா அழகம்மா அடிநெஞ்சில் யாரம்மா,0
சின்னம்மா சிலகம்மா,ஏ. ஆர். ரஹ்மான்,சக்கரைகட்டி,பா. விஜய்,விழியம்மா முழியம்மா விற்பன்னன் எவனம்மா,0
சின்னம்மா சிலகம்மா,ஏ. ஆர். ரஹ்மான்,சக்கரைகட்டி,பா. விஜய்,சின்னம்மா சிலகம்மா சின்னம்மா சிலகம்மா,0
சின்னம்மா சிலகம்மா,ஏ. ஆர். ரஹ்மான்,சக்கரைகட்டி,பா. விஜய்,ஜல் ஜலக்கு ஜலக்கு உன் கொஞ்சல்,0
சின்னம்மா சிலகம்மா,ஏ. ஆர். ரஹ்மான்,சக்கரைகட்டி,பா. விஜய்,சொல் எதுக்கு எதுக்கு பிழி கெஞ்சல்,0
சின்னம்மா சிலகம்மா,ஏ. ஆர். ரஹ்மான்,சக்கரைகட்டி,பா. விஜய்,நீ சிரிக்க சிரிக்க கொட்டும் கிளிஞ்சல்,0
சின்னம்மா சிலகம்மா,ஏ. ஆர். ரஹ்மான்,சக்கரைகட்டி,பா. விஜய்,வெட்கம் ஒதுக்கு ஒதுக்கு அது இடைஞ்சல்,0
சின்னம்மா சிலகம்மா,ஏ. ஆர். ரஹ்மான்,சக்கரைகட்டி,பா. விஜய்,கண்ணாலே அனுப்பினாய் அஞ்சல்,0
சின்னம்மா சிலகம்மா,ஏ. ஆர். ரஹ்மான்,சக்கரைகட்டி,பா. விஜய்,நிறம் மாறிப் போனதென் மஞ்சள்,0
சின்னம்மா சிலகம்மா,ஏ. ஆர். ரஹ்மான்,சக்கரைகட்டி,பா. விஜய்,இனி உனக்கும் எனக்கும் முத்தக் காய்ச்சல்,0
சின்னம்மா சிலகம்மா,ஏ. ஆர். ரஹ்மான்,சக்கரைகட்டி,பா. விஜய்,அடி துவங்கு துவங்கு வெட்கக் கூச்சல்,0
சின்னம்மா சிலகம்மா,ஏ. ஆர். ரஹ்மான்,சக்கரைகட்டி,பா. விஜய்,வெயிலாய் தொட்டானே சூடு சூடு சூடாய்,0
சின்னம்மா சிலகம்மா,ஏ. ஆர். ரஹ்மான்,சக்கரைகட்டி,பா. விஜய்,மழையாய்ப் பட்டானே கோடு கோடு கோடாய்,0
சின்னம்மா சிலகம்மா,ஏ. ஆர். ரஹ்மான்,சக்கரைகட்டி,பா. விஜய்,யார் யாரோ அவன் யாரோ,0
சின்னம்மா சிலகம்மா,ஏ. ஆர். ரஹ்மான்,சக்கரைகட்டி,பா. விஜய்,என் பேர்தான் கேட்பாரோ,0
சின்னம்மா சிலகம்மா,ஏ. ஆர். ரஹ்மான்,சக்கரைகட்டி,பா. விஜய்,என் பேரோ உன் பேரோ,0
சின்னம்மா சிலகம்மா,ஏ. ஆர். ரஹ்மான்,சக்கரைகட்டி,பா. விஜய்,ஒன்றென்று அறிவரோ,0
சின்னம்மா சிலகம்மா,ஏ. ஆர். ரஹ்மான்,சக்கரைகட்டி,பா. விஜய்,உம்மா உம்மா ஐயோ கசக்கும்,0
சின்னம்மா சிலகம்மா,ஏ. ஆர். ரஹ்மான்,சக்கரைகட்டி,பா. விஜய்,சும்மா சும்மா கேட்டால் இனிக்கும்,0
சின்னம்மா சிலகம்மா,ஏ. ஆர். ரஹ்மான்,சக்கரைகட்டி,பா. விஜய்,காதல் கணக்கே வித்தியாசம்,0
சின்னம்மா சிலகம்மா,ஏ. ஆர். ரஹ்மான்,சக்கரைகட்டி,பா. விஜய்,சுடுமா சுடுமா தருப்பைத் தீயே,0
சின்னம்மா சிலகம்மா,ஏ. ஆர். ரஹ்மான்,சக்கரைகட்டி,பா. விஜய்,சுகமா சுகமா,0
சின்னம்மா சிலகம்மா,ஏ. ஆர். ரஹ்மான்,சக்கரைகட்டி,பா. விஜய்,காதல் கனவே உயிர் வாசம்,0
சின்னம்மா சிலகம்மா,ஏ. ஆர். ரஹ்மான்,சக்கரைகட்டி,பா. விஜய்,நீ உருகி வழிந்திடும் தங்கம்,1
சின்னம்மா சிலகம்மா,ஏ. ஆர். ரஹ்மான்,சக்கரைகட்டி,பா. விஜய்,உன்னைப் பார்த்த கண்ணில் ஆதங்கம்,0
சின்னம்மா சிலகம்மா,ஏ. ஆர். ரஹ்மான்,சக்கரைகட்டி,பா. விஜய்,உன் எடையும் இடையும் தான் கொஞ்சம்,0
சின்னம்மா சிலகம்மா,ஏ. ஆர். ரஹ்மான்,சக்கரைகட்டி,பா. விஜய்,உன் வீட்டில் உணவுக்கா பஞ்சம்,0
சின்னம்மா சிலகம்மா,ஏ. ஆர். ரஹ்மான்,சக்கரைகட்டி,பா. விஜய்,வெள்ளை இரவே ,1
சின்னம்மா சிலகம்மா,ஏ. ஆர். ரஹ்மான்,சக்கரைகட்டி,பா. விஜய்,இரவின் குளிர் நீ,1
சின்னம்மா சிலகம்மா,ஏ. ஆர். ரஹ்மான்,சக்கரைகட்டி,பா. விஜய்,தெளியும் நதியே நதியின் கரை நீ,1
சின்னம்மா சிலகம்மா,ஏ. ஆர். ரஹ்மான்,சக்கரைகட்டி,பா. விஜய்,நீயோ அழகின் ரசவாதம்,1
சின்னம்மா சிலகம்மா,ஏ. ஆர். ரஹ்மான்,சக்கரைகட்டி,பா. விஜய்,கொஞ்சல் மொழியே மொழியின் உயிர் நீ,1
சின்னம்மா சிலகம்மா,ஏ. ஆர். ரஹ்மான்,சக்கரைகட்டி,பா. விஜய்,உறையா பனியே,0
சின்னம்மா சிலகம்மா,ஏ. ஆர். ரஹ்மான்,சக்கரைகட்டி,பா. விஜய்,நீ என் நூறு சதவீதம்,0
சின்னம்மா சிலகம்மா,ஏ. ஆர். ரஹ்மான்,சக்கரைகட்டி,பா. விஜய்,நீ பூக்கள் போர்த்திய படுக்கை,0
சின்னம்மா சிலகம்மா,ஏ. ஆர். ரஹ்மான்,சக்கரைகட்டி,பா. விஜய்,உன் உதடு தேன்களின் இருக்கை,0
சின்னம்மா சிலகம்மா,ஏ. ஆர். ரஹ்மான்,சக்கரைகட்டி,பா. விஜய்,நின் உடலின் பயில்கிறேன் கணக்கை,0
சின்னம்மா சிலகம்மா,ஏ. ஆர். ரஹ்மான்,சக்கரைகட்டி,பா. விஜய்,உனைப் பாட ஏதடி தணிக்கை,0
கோலி குண்டு கண்ணு,வித்யாசாகர்,எம்டன் மகன்,யுகபாரதி,கோலி குண்டு கண்ணு,1
கோலி குண்டு கண்ணு,வித்யாசாகர்,எம்டன் மகன்,யுகபாரதி,கோவ பழ உதடு,1
கோலி குண்டு கண்ணு,வித்யாசாகர்,எம்டன் மகன்,யுகபாரதி,பாலப் போல பல்லு,1
கோலி குண்டு கண்ணு,வித்யாசாகர்,எம்டன் மகன்,யுகபாரதி,படிய வச்ச வகிடு,0
கோலி குண்டு கண்ணு,வித்யாசாகர்,எம்டன் மகன்,யுகபாரதி,ஆளத் தின்னும் கன்னம்,0
கோலி குண்டு கண்ணு,வித்யாசாகர்,எம்டன் மகன்,யுகபாரதி,அலடிகாத கையி,0
கோலி குண்டு கண்ணு,வித்யாசாகர்,எம்டன் மகன்,யுகபாரதி,சோளத்தட்ட காலு,1
கோலி குண்டு கண்ணு,வித்யாசாகர்,எம்டன் மகன்,யுகபாரதி,சொக்க வைக்கும் வாயி,0
கோலி குண்டு கண்ணு,வித்யாசாகர்,எம்டன் மகன்,யுகபாரதி,தேனீ தொட்ட உன்னை தேடி வந்தேன் தாயி,0
கோலி குண்டு கண்ணு,வித்யாசாகர்,எம்டன் மகன்,யுகபாரதி,ஏய்...நீ எதுக்குப் பொறந்தியோ,0
கோலி குண்டு கண்ணு,வித்யாசாகர்,எம்டன் மகன்,யுகபாரதி,என் உசிர வாங்குற,0
கோலி குண்டு கண்ணு,வித்யாசாகர்,எம்டன் மகன்,யுகபாரதி,சே... நீ எதுக்கு வளந்தியோ,0
கோலி குண்டு கண்ணு,வித்யாசாகர்,எம்டன் மகன்,யுகபாரதி,என் வயசத்தாங்குற,0
கோலி குண்டு கண்ணு,வித்யாசாகர்,எம்டன் மகன்,யுகபாரதி,ஏய்..நான் உனக்கு பொறந்தவ,0
கோலி குண்டு கண்ணு,வித்யாசாகர்,எம்டன் மகன்,யுகபாரதி,ஏன் பாஞ்சி பதுங்குற வா..,0
கோலி குண்டு கண்ணு,வித்யாசாகர்,எம்டன் மகன்,யுகபாரதி,நான் உனக்கு வளந்தவ,0
கோலி குண்டு கண்ணு,வித்யாசாகர்,எம்டன் மகன்,யுகபாரதி,ஏன் காஞ்சி வெதும்புற,0
கோலி குண்டு கண்ணு,வித்யாசாகர்,எம்டன் மகன்,யுகபாரதி,சீரான ரோசாவேசீம்பாலு சீசாவே,0
கோலி குண்டு கண்ணு,வித்யாசாகர்,எம்டன் மகன்,யுகபாரதி,நெட்டி முறிப்பதும் எட்டி இருப்பதும் என்ன கணக்கு,0
கோலி குண்டு கண்ணு,வித்யாசாகர்,எம்டன் மகன்,யுகபாரதி,தேனான ராசாவே தேக்காத கூசாவே,0
கோலி குண்டு கண்ணு,வித்யாசாகர்,எம்டன் மகன்,யுகபாரதி,தொட்டுப் பறிப்பதும் கட்டி அணைப்பதும் செல்ல கிறுக்கு,0
கோலி குண்டு கண்ணு,வித்யாசாகர்,எம்டன் மகன்,யுகபாரதி,வேப்பல கூட இப்ப தித்திக்குது தேனா,0
கோலி குண்டு கண்ணு,வித்யாசாகர்,எம்டன் மகன்,யுகபாரதி,பாப்பா நீ பாதி கொடுத்தா ஹேய்....,0
கோலி குண்டு கண்ணு,வித்யாசாகர்,எம்டன் மகன்,யுகபாரதி,கேக்கல சோறு தண்ணி,0
கோலி குண்டு கண்ணு,வித்யாசாகர்,எம்டன் மகன்,யுகபாரதி,கேட்டுக்க நீ மாமா,0
கோலி குண்டு கண்ணு,வித்யாசாகர்,எம்டன் மகன்,யுகபாரதி,உன் பேச்சை யாரும் எடுத்தா...,0
கோலி குண்டு கண்ணு,வித்யாசாகர்,எம்டன் மகன்,யுகபாரதி,அருகம் புல்லு நா..,1
கோலி குண்டு கண்ணு,வித்யாசாகர்,எம்டன் மகன்,யுகபாரதி,ஆடாக வேணுமா...,0
கோலி குண்டு கண்ணு,வித்யாசாகர்,எம்டன் மகன்,யுகபாரதி,இலவம் பஞ்சு நா..,1
கோலி குண்டு கண்ணு,வித்யாசாகர்,எம்டன் மகன்,யுகபாரதி,இடிபாடு ஆகுமா,0
கோலி குண்டு கண்ணு,வித்யாசாகர்,எம்டன் மகன்,யுகபாரதி,நீ சாமியா? பூதமா?,0
கோலி குண்டு கண்ணு,வித்யாசாகர்,எம்டன் மகன்,யுகபாரதி,ஒண்ணும் புரியல,0
கோலி குண்டு கண்ணு,வித்யாசாகர்,எம்டன் மகன்,யுகபாரதி,ரெண்டும் புரியல ஏய்..,0
கோலி குண்டு கண்ணு,வித்யாசாகர்,எம்டன் மகன்,யுகபாரதி,பத்தாய நெல் போல,1
கோலி குண்டு கண்ணு,வித்யாசாகர்,எம்டன் மகன்,யுகபாரதி,நின்னாயே முன்னால,0
கோலி குண்டு கண்ணு,வித்யாசாகர்,எம்டன் மகன்,யுகபாரதி,வம்பு வளக்குது,0
கோலி குண்டு கண்ணு,வித்யாசாகர்,எம்டன் மகன்,யுகபாரதி,அந்த சிரிப்பு,0
கோலி குண்டு கண்ணு,வித்யாசாகர்,எம்டன் மகன்,யுகபாரதி,வெள்ளாவி கண்ணால,0
கோலி குண்டு கண்ணு,வித்யாசாகர்,எம்டன் மகன்,யுகபாரதி,சுட்டாயே தன்னால,0
கோலி குண்டு கண்ணு,வித்யாசாகர்,எம்டன் மகன்,யுகபாரதி,கொள்ளையடிக்குது,0
கோலி குண்டு கண்ணு,வித்யாசாகர்,எம்டன் மகன்,யுகபாரதி,கள்ள நெருப்பு,0
கோலி குண்டு கண்ணு,வித்யாசாகர்,எம்டன் மகன்,யுகபாரதி,கண்ணுல கொட்டிக்கிட்ட,0
கோலி குண்டு கண்ணு,வித்யாசாகர்,எம்டன் மகன்,யுகபாரதி,சீயக்காயப் போல,1
கோலி குண்டு கண்ணு,வித்யாசாகர்,எம்டன் மகன்,யுகபாரதி,ஐயோ நீ உறுத்துறியே,0
கோலி குண்டு கண்ணு,வித்யாசாகர்,எம்டன் மகன்,யுகபாரதி,தண்ணில சிந்திவிட்ட,0
கோலி குண்டு கண்ணு,வித்யாசாகர்,எம்டன் மகன்,யுகபாரதி,சீமையெண்ண போல,0
கோலி குண்டு கண்ணு,வித்யாசாகர்,எம்டன் மகன்,யுகபாரதி,என்னை நீ ஒதுக்குறியே,0
கோலி குண்டு கண்ணு,வித்யாசாகர்,எம்டன் மகன்,யுகபாரதி,ஏ... நீ சகடையா,0
கோலி குண்டு கண்ணு,வித்யாசாகர்,எம்டன் மகன்,யுகபாரதி,எதுக்கென்ன உருட்டுற,0
கோலி குண்டு கண்ணு,வித்யாசாகர்,எம்டன் மகன்,யுகபாரதி,மாசக் கடைசியா,0
கோலி குண்டு கண்ணு,வித்யாசாகர்,எம்டன் மகன்,யுகபாரதி,ஏன் என்னை விரட்டுற,0
கோலி குண்டு கண்ணு,வித்யாசாகர்,எம்டன் மகன்,யுகபாரதி,நீ வசதியா... வறுமையா...,0
கோலி குண்டு கண்ணு,வித்யாசாகர்,எம்டன் மகன்,யுகபாரதி,அங்கு குறையுது,0
கோலி குண்டு கண்ணு,வித்யாசாகர்,எம்டன் மகன்,யுகபாரதி,இங்கு நிறையுது ஏன்?,0
கொஞ்ச நேரம்,வித்யாசாகர்,சந்திரமுகி,யுகபாரதி,கண்ணதாசன்பாடல்வரி போல கொண்டகாதல் வாழும் நிலையாக,1
கொஞ்ச நேரம்,வித்யாசாகர்,சந்திரமுகி,யுகபாரதி,கம்பன் பாடிப்போன தமிழ்ப் போலஇந்த நாளும் வேகம்நலமாக,1
கொஞ்ச நேரம்,வித்யாசாகர்,சந்திரமுகி,யுகபாரதி,மழை நீயாக வெயில் நானாக,1
கொஞ்ச நேரம்,வித்யாசாகர்,சந்திரமுகி,யுகபாரதி,மழை நீயாக வெயில் நானாக,1
கொஞ்ச நேரம்,வித்யாசாகர்,சந்திரமுகி,யுகபாரதி,வெள்ளாமை நீ,1
நீயா பேசியது,வித்யாசாகர்,திருமலை,யுகபாரதி,ஊமை காதலன் நானடி,1
நீயா பேசியது,வித்யாசாகர்,திருமலை,யுகபாரதி,காற்றாய் நீ கிடைத்தாய்,1
செவ்வானம் சேலை கட்டி,வித்யாசாகர்,மொழி,வைரமுத்து,செவ்வானம் சேலை கட்டி சென்றது வீதியிலே,1
செவ்வானம் சேலை கட்டி,வித்யாசாகர்,மொழி,வைரமுத்து,மின்சாரம் மின்னல் வெட்டி போனது,1
சுத்துது சுத்துது,வித்யாசாகர்,கண்டேன் காதலை,நா முத்துக்குமார்,கத்தி எரிஞ்சது போலநீ சுத்தி இழுப்பதினால,1
சுத்துது சுத்துது,வித்யாசாகர்,கண்டேன் காதலை,நா முத்துக்குமார்,பஞ்சு வெடிப்பது போல என் நெஞ்சுதுடிப்பதுனால,1
தவமின்றி கிடைத்த வரமே,வித்யாசாகர்,அன்பு,தாமரை,நீ சூரியன் நான்வெண்ணிலா உன் ஒளியால்தானே வாழ்கிறேன்,1
தவமின்றி கிடைத்த வரமே,வித்யாசாகர்,அன்பு,தாமரை,நீ சூரியன் நான்வெண்ணிலா உன் ஒளியால்தானே வாழ்கிறேன்,1
தவமின்றி கிடைத்த வரமே,வித்யாசாகர்,அன்பு,தாமரை,நீ சூரியன் நான்தாமரை நீ வந்தால் தானேமலர்கிறேன்,1
தவமின்றி கிடைத்த வரமே,வித்யாசாகர்,அன்பு,தாமரை,நீ சூரியன் நான்வான்முகில் நீ நடந்திடும்பாதையாகிறேன்,1
தவமின்றி கிடைத்த வரமே,வித்யாசாகர்,அன்பு,தாமரை,நீ சூரியன் நான்ஆழ்கடல் என் மடியில்உன்னை ஏந்தினேன்,1
தவமின்றி கிடைத்த வரமே,வித்யாசாகர்,அன்பு,தாமரை,கடிவாளம் இல்லாத காற்றாக நான் மாற வேண்டாமா,1
ஆத்தோரத்திலே ஆலமரம்,இளையராஜா,காசி,புலமைப்பித்தன்,கண்ணம்மா,1
ஆத்தோரத்திலே ஆலமரம்,இளையராஜா,காசி,புலமைப்பித்தன்,பொன்னம்மா,1
ஆத்தோரத்திலே ஆலமரம்,இளையராஜா,காசி,புலமைப்பித்தன்,கள்ளம் கபடம் ஏதும் இல்லா குழந்தை என்று,1
ஆத்தோரத்திலே ஆலமரம்,இளையராஜா,காசி,புலமைப்பித்தன்,துள்ளி வந்த கொல்லி மலைத் தேனே,1
தாவணி போட்ட தீபாவளி,யுவன் ஷங்கர் ராஜா,சண்டக்கோழி,யுகபாரதி,தாவணி போட்ட தீபாவளி,1
தாவணி போட்ட தீபாவளி,யுவன் ஷங்கர் ராஜா,சண்டக்கோழி,யுகபாரதி,பட்டாம் பட்டாம் பூச்சி,1
தாவணி போட்ட தீபாவளி,யுவன் ஷங்கர் ராஜா,சண்டக்கோழி,யுகபாரதி,பம்பரத்த போல நானும் ஆடுறேனே,1
தாவணி போட்ட தீபாவளி,யுவன் ஷங்கர் ராஜா,சண்டக்கோழி,யுகபாரதி,கிழக்கு மேல விளக்கு போல இருக்க வந்தாலே,1
தாவணி போட்ட தீபாவளி,யுவன் ஷங்கர் ராஜா,சண்டக்கோழி,யுகபாரதி,முறுக்கு போல உடைச்சு தின்னாலே,1
தாவணி போட்ட தீபாவளி,யுவன் ஷங்கர் ராஜா,சண்டக்கோழி,யுகபாரதி,ஆனாலும் நீ ஏஞ்சலு,1
என் ஜன்னல் வந்த,யுவன் ஷங்கர் ராஜா,தீராத விளையாட்டு பிள்ளை,பா விஜய்,கவிதை கொஞ்சும் குயிலே,1
என் ஜன்னல் வந்த,யுவன் ஷங்கர் ராஜா,தீராத விளையாட்டு பிள்ளை,பா விஜய்,சிறு அணிலே,1
என் ஜன்னல் வந்த,யுவன் ஷங்கர் ராஜா,தீராத விளையாட்டு பிள்ளை,பா விஜய்,சாக்லேட் பேபி நானே,1
என் ஜன்னல் வந்த,யுவன் ஷங்கர் ராஜா,தீராத விளையாட்டு பிள்ளை,பா விஜய்,டாலர் கொட்டும் மீனே,1
துளி துளி துளி,யுவன் ஷங்கர் ராஜா,பையா,நா முத்துக்குமார்,மழையாய் வந்தாளே,1
துளி துளி துளி,யுவன் ஷங்கர் ராஜா,பையா,நா முத்துக்குமார்,பூப்போல் சிரிக்கும்போது,1
துளி துளி துளி,யுவன் ஷங்கர் ராஜா,பையா,நா முத்துக்குமார்,தேவதை அவள் ஒரு தேவதை,1
வெண்மேகம்,யுவன் ஷங்கர் ராஜா,யாரடி நீ மோகினி,நா முத்துக்குமார்,வெண்மேகம் பெண்ணாக உருவானதோ,1
வெண்மேகம்,யுவன் ஷங்கர் ராஜா,யாரடி நீ மோகினி,நா முத்துக்குமார்,மஞ்சள் வெயில் நீ,1
வெண்மேகம்,யுவன் ஷங்கர் ராஜா,யாரடி நீ மோகினி,நா முத்துக்குமார்,மின்னல் ஒளி நீ,1
வெண்மேகம்,யுவன் ஷங்கர் ராஜா,யாரடி நீ மோகினி,நா முத்துக்குமார்,விழி அசைவில் வலை விரித்தாய்,1
எங்கேயோ பார்த்த மயக்கம்,யுவன் ஷங்கர் ராஜா,யாரடி நீ மோகினி,நா முத்துக்குமார்,தேவதை இந்த சாலை ஓரம்,1
எங்கேயோ பார்த்த மயக்கம்,யுவன் ஷங்கர் ராஜா,யாரடி நீ மோகினி,நா முத்துக்குமார்,கண் திறந்து இவள்பார்க்கும் போது கடவுளைஇன்று நம்பும் மனது,1
எங்கேயோ பார்த்த மயக்கம்,யுவன் ஷங்கர் ராஜா,யாரடி நீ மோகினி,நா முத்துக்குமார்,கண்கள் திறக்காத சிற்பம்,1
எங்கேயோ பார்த்த மயக்கம்,யுவன் ஷங்கர் ராஜா,யாரடி நீ மோகினி,நா முத்துக்குமார்,ஆண் மனதை அழிக்க வந்த சாபம்,1
ஒரு நாளுக்குள்,யுவன் ஷங்கர் ராஜா,யாரடி நீ மோகினி,நா முத்துக்குமார்,உன் பார்வையில் விழுகின்ற பொழுதுதொடு வானத்தைத் தொடுகின்ற உணர்வு,1
ஒரு நாளுக்குள்,யுவன் ஷங்கர் ராஜா,யாரடி நீ மோகினி,நா முத்துக்குமார்,இது ஏதோ புரியா உணர்வுஇதைப் புரிந்திட முயன்றிடும் பொழுதுஒரு பனிமலை... ஒரு எரிமலை...,1
சீ சீ சீ,வித்யாசாகர்,மஜா,பா விஜய்,சின்ன புள்ள போல,1
சீ சீ சீ,வித்யாசாகர்,மஜா,பா விஜய்,உன் கொலுசு மணி போல நான்,1
சீ சீ சீ,வித்யாசாகர்,மஜா,பா விஜய்,உன் இலவம்பஞ்சி உடம்பில்,1
சீ சீ சீ,வித்யாசாகர்,மஜா,பா விஜய்,உன் சலவ செஞ்ச சிரிப்பில்,1
என்னை கொஞ்ச,வித்யாசாகர்,ஆதி,யுகபாரதி,வெள்ளை தீ போன்ற வெட்க பூ போலே,1
என்னை கொஞ்ச,வித்யாசாகர்,ஆதி,யுகபாரதி,வெட்க பூ போலே,1
இப்பவே இப்பவே,வித்யாசாகர்,ராமன் தேடிய சீதை,விவேகா,ஆயுள் கைதி ஆகிவிட்டேன்,1
இப்பவே இப்பவே,வித்யாசாகர்,ராமன் தேடிய சீதை,விவேகா,மின்னல் கண்ட தாழை போல,1
இப்பவே இப்பவே,வித்யாசாகர்,ராமன் தேடிய சீதை,விவேகா,மண்ணுக்குள்ளே வேரைப் போலே நெஞ்சுக்குள்ளே நீதான்,1
கண்டேன் கண்டேன் காதலை,வித்யாசாகர்,பிரிவோம் சந்திப்போம்,யுகபாரதி,பிள்ளை மொழிசொல்லை விட ஒற்றைபனை கள்ளை விடபோதை தரும் காதல்வர தொலைந்தேன்,1
கண்டேன் கண்டேன் காதலை,வித்யாசாகர்,பிரிவோம் சந்திப்போம்,யுகபாரதி,பிள்ளை மொழிசொல்லை விட ஒற்றைபனை கள்ளை விடபோதை தரும் காதல்வர தொலைந்தேன்,1
மழை நின்ற,வித்யாசாகர்,ராமன் தேடிய சீதை,கபிலன்,மழை நின்ற பின்பும் தூரல் போல உனை மறந்த பின்பும் காதல்,1
மழை நின்ற,வித்யாசாகர்,ராமன் தேடிய சீதை,கபிலன்,அலை கடந்த பின்பும் ஈரம் போல உனை பிரிந்த பின்பும் காதல்,1
மழை நின்ற,வித்யாசாகர்,ராமன் தேடிய சீதை,கபிலன்,தாமரையாய் நான் இருந்தும் தாகம் இன்னும் அடங்கவில்லை,1
எவனோ ஒருவன் வாசிக்கிறான்,ஏ. ஆர். ரஹ்மான்,அலைபாயுதே,வைரமுத்து,தவம்போல் இருந்து யோசிக்கிறேன்,1
எவனோ ஒருவன் வாசிக்கிறான்,ஏ. ஆர். ரஹ்மான்,அலைபாயுதே,வைரமுத்து,அந்தக் குழலைபோல் அழுவதற்கு அத்தனை கண்கள் எனக்கில்லையே,1
என்ன சொல்லப் போகிறாய்,ஏ. ஆர். ரஹ்மான்,கண்டுகொண்டேன் கண்டுகொண்டேன்,வைரமுத்து,இதயம் ஒரு கண்ணாடி,1
ஸ்மையை,ஏ. ஆர். ரஹ்மான்,கண்டுகொண்டேன் கண்டுகொண்டேன்,வைரமுத்து,மேக்னெட் விழியால்,1
ஸ்மையை,ஏ. ஆர். ரஹ்மான்,கண்டுகொண்டேன் கண்டுகொண்டேன்,வைரமுத்து,பூவானேன்,1
ஸ்மையை,ஏ. ஆர். ரஹ்மான்,கண்டுகொண்டேன் கண்டுகொண்டேன்,வைரமுத்து,தேனானேன்,1
இஞ்சிருங்கோ இஞ்சிருங்கோ,ஏ. ஆர். ரஹ்மான்,தெனாலி,தாமரை,பூமியே துரும்புங்க,1
இஞ்சிருங்கோ இஞ்சிருங்கோ,ஏ. ஆர். ரஹ்மான்,தெனாலி,தாமரை,வானமே தூசுங்க,1
இஞ்சிருங்கோ இஞ்சிருங்கோ,ஏ. ஆர். ரஹ்மான்,தெனாலி,தாமரை,உருவமே தங்க சாயலாய்,1
போர்க்களம் அங்கே,ஏ. ஆர். ரஹ்மான்,தெனாலி,தாமரை,புன்னகை தீவே,1
மனசுக்குள் ஒரு புயல்,ஏ. ஆர். ரஹ்மான்,ஸ்டார்,வைரமுத்து,மூங்கிலுக்குள்நுழைகின்ற காற்றுமுக்தி பெற்று திரும்புதல்போல,1
மனசுக்குள் ஒரு புயல்,ஏ. ஆர். ரஹ்மான்,ஸ்டார்,வைரமுத்து,கவியாய் முளைத்தேன்,1
நீதான் என் தேசிய கீதம்,ஏ. ஆர். ரஹ்மான்,பார்த்தாலே பரவசம்,வாலி,நீதான் என் தேசிய கீதம்,1
நீதான் என் தேசிய கீதம்,ஏ. ஆர். ரஹ்மான்,பார்த்தாலே பரவசம்,வாலி,என் ஒரே பாடலே,1
சொல்லாயோ சோலைக்கிளி,ஏ. ஆர். ரஹ்மான்,அல்லி அர்ஜுனா,வைரமுத்து,சோலைக் கிளி,1
சொல்லாயோ சோலைக்கிளி,ஏ. ஆர். ரஹ்மான்,அல்லி அர்ஜுனா,வைரமுத்து,பச்சைக் கிளைஇலைகளுக்குள்ளேபச்சைக் கிளி ஒளிதல்போல இச்சைக் காதல்நானும் மறைத்தேன்,1
சொல்லாயோ சோலைக்கிளி,ஏ. ஆர். ரஹ்மான்,அல்லி அர்ஜுனா,வைரமுத்து,பச்சைக் கிளி மூக்கைப் போல,1
மாயா மாயா,ஏ. ஆர். ரஹ்மான்,பாபா,வாலி,தாமரை இளைத்த நீர் போல்,1
மாயா மாயா,ஏ. ஆர். ரஹ்மான்,பாபா,வாலி,திரைகடல் மேல்எண்ணெய் துளியினை போல்,1
சொன்னாலும்,ஏ. ஆர். ரஹ்மான்,காதல் வைரஸ்,வாலி,விழி சிறையில்,1
சொன்னாலும்,ஏ. ஆர். ரஹ்மான்,காதல் வைரஸ்,வாலி,நதி என நான் நடந்தேன்,1
சொன்னாலும்,ஏ. ஆர். ரஹ்மான்,காதல் வைரஸ்,வாலி,கடலே,1
ஏதோ ஏதோ ஒன்று,ஏ. ஆர். ரஹ்மான்,எனக்கு 20 உனக்கு 18,பா விஜய்,சூரியனை போலேஎன் முன்பு வந்தாய் பனிதுளி போலே பணிந்துவிட்டேனே,1
ஏதோ ஏதோ ஒன்று,ஏ. ஆர். ரஹ்மான்,எனக்கு 20 உனக்கு 19,பா விஜய்,சூரியனை போலேஎன் முன்பு வந்தாய் பனிதுளி போலே பணிந்துவிட்டேனே,1
ஏதோ ஏதோ ஒன்று,ஏ. ஆர். ரஹ்மான்,எனக்கு 20 உனக்கு 20,பா விஜய்,போதி மரம் போலே உந்தன் கண்கள்,1
மார்கண்டேயா,ஏ. ஆர். ரஹ்மான்,நியூ,வாலி,மேளம் போலே மேனியடி,1
மார்கண்டேயா,ஏ. ஆர். ரஹ்மான்,நியூ,வாலி,ஆடை கட்டி ஆடுகிற ஆவக்காய பாத்ததில்லே,1
மயிலிறகே மயிலிறகே,ஏ. ஆர். ரஹ்மான்,அன்பே ஆருயிரே,வாலி,மயிலிறகே,1
மயிலிறகே மயிலிறகே,ஏ. ஆர். ரஹ்மான்,அன்பே ஆருயிரே,வாலி,நான் போடும் கை எழுத்து,1
மயிலிறகே மயிலிறகே,ஏ. ஆர். ரஹ்மான்,அன்பே ஆருயிரே,வாலி,மழை நிலவே,1
முன்பே வா,ஏ. ஆர். ரஹ்மான்,சில்லுனு ஒரு காதல்,வாலி,பூ பூவாய் பூப்போம்,1
முன்பே வா,ஏ. ஆர். ரஹ்மான்,சில்லுனு ஒரு காதல்,வாலி,சித்திர புன்னகை,1
முன்பே வா,ஏ. ஆர். ரஹ்மான்,சில்லுனு ஒரு காதல்,வாலி,நீரும் செம்புலசேறும் கலந்தது போலேகலந்தவர் நாம்,1
நியூயார்க் நகரம்,ஏ. ஆர். ரஹ்மான்,சில்லுனு ஒரு காதல்,வாலி,பேச்செல்லாம் தாலாட்டுப் போல,1
காற்றில் ஓர் வார்தை,ஏ. ஆர். ரஹ்மான்,வரலாறு,வைரமுத்து,இளையக்கொடி,1
காற்றில் ஓர் வார்தை,ஏ. ஆர். ரஹ்மான்,வரலாறு,வைரமுத்து,மைவிழி பார்வைகள்,1
ஆருயிரே,ஏ. ஆர். ரஹ்மான்,குரு,வைரமுத்து,நீ இல்லாதராத்திரியோ காற்றில்லாதஇரவாய் ஆகாதோ,1
ஆருயிரே,ஏ. ஆர். ரஹ்மான்,குரு,வைரமுத்து,முன் கோப குயிலே,1
ஆருயிரே,ஏ. ஆர். ரஹ்மான்,குரு,வைரமுத்து,ஐந்து புலன்களின் அழகியே,1
மையா மையா,ஏ. ஆர். ரஹ்மான்,குரு,வைரமுத்து,நான் சீனியில் செய்த கடல்,1
மையா மையா,ஏ. ஆர். ரஹ்மான்,குரு,வைரமுத்து,வெள்ளை தங்கத்தில் செய்த உடல்,1
மையா மையா,ஏ. ஆர். ரஹ்மான்,குரு,வைரமுத்து,முரட்டு பூ,1
சஹானா,ஏ. ஆர். ரஹ்மான்,சிவாஜி,வைரமுத்து,வெண்ணிலா,1
சஹானா,ஏ. ஆர். ரஹ்மான்,சிவாஜி,வைரமுத்து,சஹாரா பூக்கள் பூத்ததோ,1
இதயம் இடம் மாறியதே,ஏ. ஆர். ரஹ்மான்,ஜோதா அக்பர்,நா முத்துக்குமார்,அழகிய நதி கலந்ததோ,1
இதயம் இடம் மாறியதே,ஏ. ஆர். ரஹ்மான்,ஜோதா அக்பர்,நா முத்துக்குமார்,இசையோடுசேரும் தாளம் சுதியோடுபாடும் ராகம் அதைப்போலஎந்தன் நெஞ்சம் உன்னைசேர்ந்ததே,1
இதயம் இடம் மாறியதே,ஏ. ஆர். ரஹ்மான்,ஜோதா அக்பர்,நா முத்துக்குமார்,காலம் என்னும் நதியில்,1
அன்பில் அவன்,ஏ. ஆர். ரஹ்மான்,விண்ணை தாண்டி வருவாயா,தாமரை,உயிரே உன்னை,1
அன்பில் அவன்,ஏ. ஆர். ரஹ்மான்,விண்ணை தாண்டி வருவாயா,தாமரை,நீ வானவில்லாக,1
மன்னிப்பாயா,ஏ. ஆர். ரஹ்மான்,விண்ணை தாண்டி வருவாயா,தாமரை,கடலில் மீனாக இருந்தவள் நான்,1
விண்ணை தாண்டி வருவாயா,ஏ. ஆர். ரஹ்மான்,விண்ணை தாண்டி வருவாயா,தாமரை,விண்மீனே வருவாயா,1
உசுரே போகுதே,ஏ. ஆர். ரஹ்மான்,ராவணன்,வைரமுத்து,மணி குயிலே,1
உசுரே போகுதே,ஏ. ஆர். ரஹ்மான்,ராவணன்,வைரமுத்து,அக்கினி பழமுன்னு தெரிஞ்சிருந்தும்,1
உசுரே போகுதே,ஏ. ஆர். ரஹ்மான்,ராவணன்,வைரமுத்து,பாம்பா இருந்தும் நெஞ்சு பயப்பட நினைக்கலையே,1
காதல் அணுக்கள்,ஏ. ஆர். ரஹ்மான்,எந்திரன்,வைரமுத்து,நீ ஆயிரம் விண்மீன் திரட்டிய புன்னகையா,1
காதல் அணுக்கள்,ஏ. ஆர். ரஹ்மான்,எந்திரன்,வைரமுத்து,காந்த கண்ணில்,1
நெஞ்சம் எல்லாம்,ஏ. ஆர். ரஹ்மான்,ஆய்த எழுத்து,வைரமுத்து,நீ முத்த பார்வை பார்க்கும் போதுஎன் முதுகு தண்டில்மின்னல் வெட்டும்,1
நெஞ்சம் எல்லாம்,ஏ. ஆர். ரஹ்மான்,ஆய்த எழுத்து,வைரமுத்து,நீதானே மழை மேகம்,1
நெஞ்சம் எல்லாம்,ஏ. ஆர். ரஹ்மான்,ஆய்த எழுத்து,வைரமுத்து,ஹார்மோன் நதியில்,1
சிநேகிதனே,ஏ. ஆர். ரஹ்மான்,அலைபாயுதே,வைரமுத்து,பூப்பறிக்கும் பக்தன் போல மெதுவாய்நான் தூங்கும் போது விரல் நகம்களைவாய்,1
சிநேகிதனே,ஏ. ஆர். ரஹ்மான்,அலைபாயுதே,வைரமுத்து,உன் நித்திலப்பூ மடியில்,1
காற்றே என் வாசல்,ஏ. ஆர். ரஹ்மான்,ரிதம்,வைரமுத்து,துள்ளி வரும் காற்றே,1
காற்றே என் வாசல்,ஏ. ஆர். ரஹ்மான்,ரிதம்,வைரமுத்து,தாவணி குடை பிடிப்பாயா,1
காற்றே என் வாசல்,ஏ. ஆர். ரஹ்மான்,ரிதம்,வைரமுத்து,நெடுங்காலம்சிப்பிக்குள்ளே உருண்டுநிக்கும் முத்து போல் என்பெண்மை திரண்டு நிற்கிறதே,1
தனியே தன்னன் தனியே,ஏ. ஆர். ரஹ்மான்,ரிதம்,வைரமுத்து,நிலா அன்று பால்மழை பொழிந்தது,1
என்ன என்ன,ஏ. ஆர். ரஹ்மான்,உதயா,இளைய கம்பன்,பட்டுப்பொண்ணு வெக்கத்துல,1
என்ன என்ன,ஏ. ஆர். ரஹ்மான்,உதயா,இளைய கம்பன்,பொன்சிரிப்பு,1
என்ன என்ன,ஏ. ஆர். ரஹ்மான்,உதயா,இளைய கம்பன்,சூரியன ஆறவெச்சுஒஹொநெத்திப்பொட்டா வெச்சிக்கிட்டா,1
என்ன என்ன,ஏ. ஆர். ரஹ்மான்,உதயா,இளைய கம்பன்,சுத்திவரும் பூமியத்தான் மூக்குத்தியா,1
என்ன என்ன,ஏ. ஆர். ரஹ்மான்,உதயா,இளைய கம்பன்,நட்சத்திரப் பூவையெல்லாம்,1
சந்திப்போமா,ஏ. ஆர். ரஹ்மான்,எனக்கு 20 உனக்கு 18,பா விஜய்,ஆப்பிள் போலே இருப்பானே,1
சந்திப்போமா,ஏ. ஆர். ரஹ்மான்,எனக்கு 20 உனக்கு 19,பா விஜய்,என்னை தாக்கிய தாவணியே,1
கேட்டேனா நான்,ஏ. ஆர். ரஹ்மான்,தேசம்,வாலி,முண்டாசு கவிஞன் சொன்ன கண்ணமாவா..,1
கேட்டேனா நான்,ஏ. ஆர். ரஹ்மான்,தேசம்,வாலி,நான் கற்ற அறிவியலில்உன்னைப்போல் அதிசயம் இல்லை,1
கேட்டேனா நான்,ஏ. ஆர். ரஹ்மான்,தேசம்,வாலி,நான் தான் அந்த ஐன்ஸ்டீன் னாஉன்னை ஆராய்ச்சி செய்யஎன்னால் ஆகாதே,1
கேட்டேனா நான்,ஏ. ஆர். ரஹ்மான்,தேசம்,வாலி,நீதான் புது விண்மீனாஇந்த வையத்தை விட்டுவானம் போகாதே,1
கேட்டேனா நான்,ஏ. ஆர். ரஹ்மான்,தேசம்,வாலி,கண்ணை ஒரு கல்லைப்போல,1
கேட்டேனா நான்,ஏ. ஆர். ரஹ்மான்,தேசம்,வாலி,காற்றினில் வைத்த கற்பூரம் போல்உன்னில் கரைந்தேன் நானே,1
மருதாணி விழியில்,ஏ. ஆர். ரஹ்மான்,சக்கரைகட்டி,வாலி,மருதாணி விழியில்,1
மருதாணி விழியில்,ஏ. ஆர். ரஹ்மான்,சக்கரைகட்டி,வாலி,நகம் எல்லாம் பொக்கிஷம் போலே,1
மருதாணி விழியில்,ஏ. ஆர். ரஹ்மான்,சக்கரைகட்டி,வாலி,அவன் நெஞ்சம் தாய்பால்போலே எந்நாளும் பரிசுத்தம்,1
என் ஜன்னலில் தெரிவது,வித்யாசாகர்,மொழி,வைரமுத்து,என் ஜன்னலில் தெரிவது நிலவு தானா,1
என் ஜன்னலில் தெரிவது,வித்யாசாகர்,மொழி,வைரமுத்து,கடவுளின் முகவரி,1
என் ஜன்னலில் தெரிவது,வித்யாசாகர்,மொழி,வைரமுத்து,பெண் புறா,1
காதல் பிசாசே,வித்யாசாகர்,ரன்,யுகபாரதி,காதல் பிசாசே,1
காதல் பிசாசே,வித்யாசாகர்,ரன்,யுகபாரதி,வெட்கக்கவிதை நீ,1
காதல் பிசாசே,வித்யாசாகர்,ரன்,யுகபாரதி,அஞ்சு வயதுப்பிள்ளைபோலே அச்சச்சோகூச்சத்தாலே கொஞ்சிக்கொஞ்சி என்னைக் கொன்றால்பரவாயில்லை,1
கண்டேன் கண்டேன்,வித்யாசாகர்,மதுர,யுகபாரதி,உயிர் காதல்,1
கண்டேன் கண்டேன்,வித்யாசாகர்,மதுர,யுகபாரதி,நீ வளையல் அணியும் கரும்பு,1
கண்டேன் கண்டேன்,வித்யாசாகர்,மதுர,யுகபாரதி,சுடிதாரை சூடி செல்லும் பூக்காடு,1
கண்டேன் கண்டேன்,வித்யாசாகர்,மதுர,யுகபாரதி,ஒரு விழி எரிமலை,1
கண்டேன் கண்டேன்,வித்யாசாகர்,மதுர,யுகபாரதி,மறு விழி அடை மழை,1
அவள் யார் அவள்,வித்யாசாகர்,அன்பு,தாமரை,நீ என் நெஞ்சை போர் கப்பல் போல் வந்துசொல்லாமல் கொள்ளாமல் தாக்காதே தாக்காதே,1
திம்சு கட்டை,வித்யாசாகர்,திருமலை,அறிவுமதி,பப்பாளி பழமே,1
திம்சு கட்டை,வித்யாசாகர்,திருமலை,அறிவுமதி,தக்காளி பழமே,1
ஒளியிலே தொிவது,இளையராஜா,அழகி,பழனி பாரதி,ஒளியிலே தொிவது தேவதையா,1
ஒளியிலே தொிவது,இளையராஜா,அழகி,பழனி பாரதி,பொண்ணு சிலை ஒன்னு,1
இளங்காத்து வீசுதே,இளையராஜா,பிதாமகன்,வாலி,இசை போல பேசுதே,1
இளங்காத்து வீசுதே,இளையராஜா,பிதாமகன்,வாலி,கரும்பாறை மனசுல,1
இளங்காத்து வீசுதே,இளையராஜா,பிதாமகன்,வாலி,நிலம் போல சிலருக்குத் தான் மனசு இருக்கு,1
எனக்குப் பிடித்த பாடல்,இளையராஜா,ஜூலி கணபதி,வாலி,காதல் பூக்கள் உதிருமா,1
எனக்குப் பிடித்த பாடல்,இளையராஜா,ஜூலி கணபதி,வாலி,குழந்தையை போலவேஇதயமும் தொலையுதே,1
எனக்குப் பிடித்த பாடல்,இளையராஜா,ஜூலி கணபதி,வாலி,வெள்ளிக் கம்பிகளைப்போல ஒரு தூறல் போடுதோ,1
நீ இல்லை என்றால்,யுவன் ஷங்கர் ராஜா,தீனா,வாலி,அவ்வாா்த்தை போல் என்னைகூா் வாளும் கொல்லாது,1
நீ இல்லை என்றால்,யுவன் ஷங்கர் ராஜா,தீனா,வாலி,மழை போலே உடல் வோ்த்து கொட்டும்,1
என் அன்பே,யுவன் ஷங்கர் ராஜா,மௌனம் பேசியதே,காமகொடியன்,என் உடல் இன்று கடல் ஆனதே,1
என் அன்பே,யுவன் ஷங்கர் ராஜா,மௌனம் பேசியதே,காமகொடியன்,விழி பட்ட இடம்இன்று உளி பட்ட சிலையாக,1
சின்ன சின்னதாய்,யுவன் ஷங்கர் ராஜா,மௌனம் பேசியதே,புதுவை நம்பி,என் நெஞ்சை முட்களால் தைத்தாய்,1
சின்ன சின்னதாய்,யுவன் ஷங்கர் ராஜா,மௌனம் பேசியதே,புதுவை நம்பி,அடை மழையாய் வந்தாய்,1
சின்ன சின்னதாய்,யுவன் ஷங்கர் ராஜா,மௌனம் பேசியதே,புதுவை நம்பி,என் நிழலாய் வந்தாய்,1
கண்ணின் காந்தமே,யுவன் ஷங்கர் ராஜா,மௌனம் பேசியதே,அமீர்,கண்ணின் காந்தமே,1
கண்ணின் காந்தமே,யுவன் ஷங்கர் ராஜா,மௌனம் பேசியதே,அமீர்,நீ இரண்டாம் தாயே,1
தேவதையை கண்டேன்,யுவன் ஷங்கர் ராஜா,காதல் கொண்டேன்,நா முத்துக்குமார்,தேவதையை கண்டேன்,1
தேவதையை கண்டேன்,யுவன் ஷங்கர் ராஜா,காதல் கொண்டேன்,நா முத்துக்குமார்,ஒரு வண்ணத்துபூச்சி எந்தன் வழிதேடி வந்தது,1
கண் பேசும் வார்த்தைகள்,யுவன் ஷங்கர் ராஜா,7 ஜி ரெயின்போ காலனி,நா முத்துக்குமார்,கண்ணாடி இதயம் இல்லை,1
நிஜமா நிஜமா,யுவன் ஷங்கர் ராஜா,போஸ்,நா முத்துக்குமார்,ஒரு மரங்கொத்தி பறவைமனம் கொத்தி போகுதே,1
நிஜமா நிஜமா,யுவன் ஷங்கர் ராஜா,போஸ்,நா முத்துக்குமார்,வேற்று கிரகம் போலே இன்று எனக்கு எந்தன் வீடு ஆனதே,1
நிஜமா நிஜமா,யுவன் ஷங்கர் ராஜா,போஸ்,நா முத்துக்குமார்,முல்லையே,1
வைத்த கண்,யுவன் ஷங்கர் ராஜா,போஸ்,பா விஜய்,வெண்ணிலா வேர்க்குது பாரம்மா,1
சாமிகிட்ட சொல்லிப்புட்டேன்,யுவன் ஷங்கர் ராஜா,தாஸ்,பா விஜய்,போட்ட காதல் கோலம்,1
சாமிகிட்ட சொல்லிப்புட்டேன்,யுவன் ஷங்கர் ராஜா,தாஸ்,பா விஜய்,நெஞ்சக் குளத்தில் படிஞ்ச காதல்,1
சக்க போடு,யுவன் ஷங்கர் ராஜா,தாஸ்,விவேகா,சவுக்கு கண்ணால,1
சக்க போடு,யுவன் ஷங்கர் ராஜா,தாஸ்,விவேகா,மீனுக்குஞ்சு போல துள்ளி,1
சக்க போடு,யுவன் ஷங்கர் ராஜா,தாஸ்,விவேகா,வடிச்ச சோறுபோலத்தான் ஆவி பறக்குற,1
ஏனோ கண்கள்,யுவன் ஷங்கர் ராஜா,கள்வனின் காதலி,நா முத்துக்குமார்,நூறு கோடி மான்கள்ஓடும் வேகம் போலஇருதயம் துடிக்கிறதே,1
ஏனோ கண்கள்,யுவன் ஷங்கர் ராஜா,கள்வனின் காதலி,நா முத்துக்குமார்,புரியாதொரு வேட்கைபூ போல மலர்கிறதா,1
ஏனோ கண்கள்,யுவன் ஷங்கர் ராஜா,கள்வனின் காதலி,நா முத்துக்குமார்,தொட்டால் தீ போல சுடுகிறதா,1
தாஜ்மஹால் ஓவிய காதல்,யுவன் ஷங்கர் ராஜா,கள்வனின் காதலி,நா முத்துக்குமார்,தாஜ்மஹால் ஓவிய காதல்,1
தாஜ்மஹால் ஓவிய காதல்,யுவன் ஷங்கர் ராஜா,கள்வனின் காதலி,நா முத்துக்குமார்,தேவதாஸ் காவிய காதல்,1
தாஜ்மஹால் ஓவிய காதல்,யுவன் ஷங்கர் ராஜா,கள்வனின் காதலி,நா முத்துக்குமார்,இந்த உறவு இறுதி வரைக்கும்இறைவன் போல் இங்கே வாழும்,1
கருப்பான கையாலே,யுவன் ஷங்கர் ராஜா,தாமிரபரணி,நா முத்துக்குமார்,கோவப்பழமா கலரு,1
கருப்பான கையாலே,யுவன் ஷங்கர் ராஜா,தாமிரபரணி,நா முத்துக்குமார்,உருக்கி வச்ச இரும்பு போல உதடு,1
கருப்பான கையாலே,யுவன் ஷங்கர் ராஜா,தாமிரபரணி,நா முத்துக்குமார்,வெட்டும் புலி தீப்பெட்டிப்போல் கண்ணு,1
காதல் வைத்து,யுவன் ஷங்கர் ராஜா,தீபாவளி,நா முத்துக்குமார்,காதல் என்னும்கடலுக்குள் நான் விழுந்தேன்,1
காதல் வைத்து,யுவன் ஷங்கர் ராஜா,தீபாவளி,நா முத்துக்குமார்,தேவதை,1
காதல் வைத்து,யுவன் ஷங்கர் ராஜா,தீபாவளி,நா முத்துக்குமார்,உன்னை கண்டநாள் ஒலி வட்டம் போல்உள்ளுக்குள்ளே சுழலுதடி,1
போகாதே,யுவன் ஷங்கர் ராஜா,தீபாவளி,நா முத்துக்குமார்,காலங்கள் யாவும் கனவாய்,1
போகாதே,யுவன் ஷங்கர் ராஜா,தீபாவளி,நா முத்துக்குமார்,கண் தூங்கும்நேரம் பாா்த்து கடவுள் வந்து போனதுபோல் என் வாழ்வில் வந்தே,1
யாரோ,யுவன் ஷங்கர் ராஜா,சென்னை 60028,வாலி,கொக்கை போல நாள்தோறும்ஒற்றை காலில் நின்றேன்,1
யாரோ,யுவன் ஷங்கர் ராஜா,சென்னை 60028,வாலி,கண்மணி,1
யாரோ,யுவன் ஷங்கர் ராஜா,சென்னை 60028,வாலி,காற்றில் வைத்த சூடம் போலேகாதல் தீர்ந்து போகாது,1
யாரோ,யுவன் ஷங்கர் ராஜா,சென்னை 60028,வாலி,உந்தன் ஆடை காயப் போடும்உந்தன் வீட்டு கம்பி கொடியாய்என்னை எண்ணினேன்,1
பேசுகிறேன்,யுவன் ஷங்கர் ராஜா,சத்தம் போடாதே,நா முத்துக்குமார்,பேசுகிறேன் பேசுகிறேன்உன் இதயம் பேசுகிறேன்,1
அழகு குட்டி செல்லம்,யுவன் ஷங்கர் ராஜா,சத்தம் போடாதே,நா முத்துக்குமார்,நீ என் மின்மினி,1
அழகு குட்டி செல்லம்,யுவன் ஷங்கர் ராஜா,சத்தம் போடாதே,நா முத்துக்குமார்,ரோஜா பூ கை ரெண்டும்,1
பறவையே எங்கு இருக்கிறாய்,யுவன் ஷங்கர் ராஜா,கற்றது தமிழ்,நா முத்துக்குமார்,பறவையே எங்குஇருக்கிறாய்,1
பறவையே எங்கு இருக்கிறாய்,யுவன் ஷங்கர் ராஜா,கற்றது தமிழ்,நா முத்துக்குமார்,நீ போட்ட கடிதத்தின்வரிகள் கடலாக அதில்மிதந்தேனே பெண்ணேநானும் படகாக,1
பறவையே எங்கு இருக்கிறாய்,யுவன் ஷங்கர் ராஜா,கற்றது தமிழ்,நா முத்துக்குமார்,நீ போட்ட கடிதத்தின்வரிகள் கடலாக அதில்மிதந்தேனே பெண்ணேநானும் படகாக,1
பறவையே எங்கு இருக்கிறாய்,யுவன் ஷங்கர் ராஜா,கற்றது தமிழ்,நா முத்துக்குமார்,ஏழை காதல்மலைகள் தன்னில்தோன்றுகின்ற ஒருநதியாகும்,1
பறவையே எங்கு இருக்கிறாய்,யுவன் ஷங்கர் ராஜா,கற்றது தமிழ்,நா முத்துக்குமார்,கண்மணி,1
ஒற்றைக் கண்ணால,வித்யாசாகர்,வேல்,ஹரி,மாலை நேரப் பட்டாம்பூச்சி,1
ஒற்றைக் கண்ணால,வித்யாசாகர்,வேல்,ஹரி,பெண்ணே உன்கால்தடங்கள் மண்மீது ஓவியமாய்,1
ஒற்றைக் கண்ணால,வித்யாசாகர்,வேல்,ஹரி,கண்ணே உன் கை நகங்கள்விண்மீது வெண்பிறையாய்,1
ஒற்றைக் கண்ணால,வித்யாசாகர்,வேல்,ஹரி,வாய்மொழிகள் நான்கொண்ட வேதங்களா,1
ஒற்றைக் கண்ணால,வித்யாசாகர்,வேல்,ஹரி,ஞாபகங்கள் நான் கொண்ட சாபங்களா,1
காற்றுக்குள்ளே,யுவன் ஷங்கர் ராஜா,சர்வம்,பா விஜய்,காற்றுக்குள்ளே வாசம் போல வந்தாய்,1
காற்றுக்குள்ளே,யுவன் ஷங்கர் ராஜா,சர்வம்,பா விஜய்,எனக்குள் நீ காட்டுக்குள்ளேமழையை போலே அடஉனக்குள் நான்,1
ஏதோ செய்கிறாய்,யுவன் ஷங்கர் ராஜா,வாமனன்,நா முத்துக்குமார்,இந்த நெருப்பு மயக்கமாய் இருக்கிறதே,1
இதுவரை இல்லாத,யுவன் ஷங்கர் ராஜா,கோவா,கங்கை அமரன்,வந்து வந்து கலக்கும்வெண்மேகமும்வெண்ணிலவும் போலஎந்தன் மன எண்ணங்களையார் அறிவார்,1
ஒரு பைத்தியம்,யுவன் ஷங்கர் ராஜா,பாணா காத்தாடி,நா முத்துக்குமார்,பூவாக பூத்தாயடி,1
என் நெஞ்சில்,யுவன் ஷங்கர் ராஜா,பாணா காத்தாடி,நா முத்துக்குமார்,குடை போலவே சாய்ந்தேன்,1
யார் இந்த பெண்,யுவன் ஷங்கர் ராஜா,பாஸ் என்கிற பாஸ்காரன்,நா முத்துக்குமார்,தோட்டத்தில் மலர்ந்த பூவாக,1
யார் இந்த பெண்,யுவன் ஷங்கர் ராஜா,பாஸ் என்கிற பாஸ்காரன்,நா முத்துக்குமார்,கூடத்தில் இவள் பாடும்ராகத்தில் அதிகாலைசூரியனை பார்பேன்,1
யார் இந்த பெண்,யுவன் ஷங்கர் ராஜா,பாஸ் என்கிற பாஸ்காரன்,நா முத்துக்குமார்,பெண் நெஞ்சம் புதையலை போல,1
தேசிங்கு ராஜா,வித்யாசாகர்,தவசி,பா விஜய்,தேசிங்கு ராஜா,1
தேசிங்கு ராஜா,வித்யாசாகர்,தவசி,பா விஜய்,தென்நாட்டு சூரியன் தான்,1
தேசிங்கு ராஜா,வித்யாசாகர்,தவசி,பா விஜய்,ஒத்த பூவா உன்ன கிள்ள போறான்,1
அழகிய தீயே,ஹாரிஸ் ஜெயராஜ்,மின்னலே,வாலி,அழகிய தீயே,1
நெஞ்சைப் பூப்போல்,ஹாரிஸ் ஜெயராஜ்,மின்னலே,தாமரை,பூப்போல்,1
வெண்மதி வெண்மதியே,ஹாரிஸ் ஜெயராஜ்,மின்னலே,வாலி,வெண்மதி,1
நீயில்லாமல் வாழ்வது லேசா,ஹாரிஸ் ஜெயராஜ்,லேசா லேசா,வாலி,கண்ணன் வண்ணம்,1
கல்யாணம்தான் கட்டிக்கிட்டு,ஹாரிஸ் ஜெயராஜ்,சாமி,ஸ்நேஹன்,ஐயனாா் போல,1
என்னை கொஞ்சம்மாற்றி,ஹாரிஸ் ஜெயராஜ்,காக்க காக்க,தாமரை,பறவைகள் போலவே,1
உயிரின் உயிரே,ஹாரிஸ் ஜெயராஜ்,காக்க காக்க,தாமரை,காலை பணியாக,1
அண்டங்காக்கா கொண்டகாரி,ஹாரிஸ் ஜெயராஜ்,அந்நியன்,வைரமுத்து,அண்டங்காக்கா கொண்டை,1
அண்டங்காக்கா கொண்டகாரி,ஹாரிஸ் ஜெயராஜ்,அந்நியன்,வைரமுத்து,உன்ன தேக்கடியில் யானை போல நினைச்சேன்,1
அண்டங்காக்கா கொண்டகாரி,ஹாரிஸ் ஜெயராஜ்,அந்நியன்,வைரமுத்து,உன்ன நாக்கடியில் கற்கண்டாக ஒளிச்சேன்,1
சந்தனத் தென்றலை,ஏ.ஆா்.ரஹ்மான்,கண்டுகொண்டேன்கண்டுகொண்டேன்,வைரமுத்து,"இதயம் ஒரு கண்ணாடி
 உனது பிம்பம் விழுந்ததடி",1
காற்றே என் வாசல் வந்தாய்,AR ரஹ்மான்,ரிதம்,வைரமுத்து,நிலவுள்ள வரையில் நிலமுள்ள வரையில் நெஞ்சினில் வீசு:,1
கலகலவெனப் பொழியும்,AR ரஹ்மான்,ரிதம்,வைரமுத்து,யாரைக் கேட்டது இதயம் விழி தொடுவது விரல் தொடவில்லை:,1
கண்ணாமூச்சி ஏனடா,AR ரஹ்மான்,கண்டுகொண்டேன்கண்டுகொண்டேன்,வைரமுத்து,"என் மனம் உனக்கொரு
 விளையாட்டு பொம்மையா
 எனக்கென உணர்ச்சிகள்
 தனியாக இல்லையா :",1
கொஞ்சும் மைனாக்களே,AR ரஹ்மான்,கண்டுகொண்டேன் கண்டுகொண்டேன்,வைரமுத்து,"நூறு கனவுகள் கண்டாலே
 ஆறு கனவுகள் பலிக்காதா
 கனவே கை சேர வா :",1
ராஜ்யமா இல்லை இமயமா,AR ரஹ்மான்,பாபா,வாலி,கேள்வியாய் வாழ்கிறான் மௌனத்தை ஆள்கிறான் :,1
ஒரு நண்பன் இருந்தால்,AR ரஹ்மான்,எனக்கு 20 உனக்கு 18,பா.விஜய்,"கடலில் நதிகள் பெயர் கலந்தது
 இந்த நட்பில் எங்கள் உயிர் கலந்தது :",1
ச ரி க மே ப த னி சே,AR ரஹ்மான்,Boys,"வாலி, Blaze",குட்டி சுவர் ஏறி வெட்டி கதை பேசிகாதல் ஜாலியில் பாடம் காலி தோழா:,1
காலையில் தினமும்,ஏ.ஆர்.ரஹ்மான்,நியூ,வாலி,"இமை போல் இரவும் பகலும்…
 எனை காத்த அன்னையே :",1
சண்ட கோழி கோழி,AR ரஹ்மான்,ஆயுத எழுத்து,வைரமுத்து,"சைவ முத்தம் கொடுத்த
 ஒத்து போக மாட்டேன் :",1
நான் முத்தம் தின்பவள்,ஏ.ஆர்.ரஹ்மான்,குரு,வைரமுத்து,"நான் முத்தம் தின்பவள்
 ஒரு முரட்டு பூ இவள்
 நான் தினமும் தோற்பவள்
 அந்த ஆடை சண்டையில் :",1
வளையபட்டி தவிலே,AR ரஹ்மான்,அழகிய தமிழ் மகன்,நா.முத்துக்குமார்,"நீ கை கால் முளைத்த மத்தளமா 
 உன்னை வாசிக்க பின்னால் சுத்தனுமா :",1
எல்லாப் புகழும்,ஏ.ஆா்.ரஹ்மான்,அழகிய தமிழ் மகன்,வாலி,நீ நதி போலே ஓடிக் கொண்டிரு :,1
Taxi Taxi,AR ரஹ்மான்,சக்கரைக்கட்டி,"நா.முத்துக்குமார்,Blaaze, Vivian Chaix","உன் தோள்கள் ஏணியைப் போல்
 ஏறி மிதித்தேன் தாங்கினாய் :",1
இரும்பிலே ஒரு இதயம்,ஏ.ஆர்.ரஹ்மான்,எந்திரன்,வைரமுத்து,"Google'கள் காணாத
 தேடல்கள் என்னோடு
 காலங்கள் காணா காதல்:",1
அரிமா அரிமா,AR ரஹ்மான்,எந்திரன்,வைரமுத்து,இவன் உலகம் தாண்டிய உயரம் கொண்டதில் நிலவு நிலவு தலைமுட்டும்:,1
புதிய மனிதா,ஏ.ஆர்.ரஹ்மான்,எந்திரன்,வைரமுத்து,அழியாத உடலோடு வடியாத உயிரோடு:,1
கோடு போட்டா,AR ரஹ்மான்,ராவணன்,வைரமுத்து,"ஊரான் வீட்டு
 சட்டத்துக்கு ஊரு நாடு
 மசியாது மேகம் வந்து
 சத்தம் போட்டா ஆகாயம்
 தான் கேட்காது :",1
கிளிமஞ்சாரம்,ஏ.ஆர்.ரஹ்மான்,எந்திரன்,வைரமுத்து,"அட நூறு கோடி தசை
 ஒவ்வொன்றிலும்
 உந்தன் பேரே இசை:",1
பூம் பூம்,ஏ.ஆர்.ரஹ்மான்,எந்திரன்,வைரமுத்து,"வாயுண்டு ஆனால்
 வயிறில்லை பேச்சுண்டு
 மூச்சு இல்லை நாடி உண்டு:",1
கள்வரே கள்வரே,AR ரஹ்மான்,ராவணன்,வைரமுத்து,"என் ஆசை நீயே சொன்னால்
 கண்ணாலே ஆமாம் என்பேனே :",1
கொம்பன் சுறா,AR ரஹ்மான்,மரியான்,தனுஷ்,நான் ஒத்தையில் பாடுகிறேன் தன்னாலே இந்த பாலா வன பாறைகளின் முன்னால் :,1
இன்னும் கொஞ்சம் நேரம்,AR ரஹ்மான்,மரியான்,வைரமுத்து,மழை போல நீ வந்தால் கடல் போல நான் இருப்பேன்:,1
நெஞ்சுக்குள்ள,ஏ.ஆர்.ரஹ்மான்,கடல்,வைரமுத்து,"காச நோய்க் காரிகளும்
 கண்ணுறங்கும் வேளையில
 ஆசநோய் வந்தமக
 அரை நிமிசம் தூங்கலையே! :",1
காதல் கணவா,AR ரஹ்மான்,கோச்சடையான்,வைரமுத்து,கடிவாளக் குதிரையாக எனைதான் நீயும் இழுத்தாயே:,1
நானே வருகிறேன்,ஏ.ஆா்.ரஹ்மான்,ஓ காதல் கண்மணி,வைரமுத்து,"பொல்லாத என் இதயம்
 ஏதோ சொல்லுதே
 நில்லாத என் உயிரோ
 எங்கோ செல்லுதே :",1
மோனா மோனா,ஏ.ஆர்.ரஹ்மான்,லிங்கா,மதன் கார்க்கி,"நா கன்னி கணினி போல் பூட்டி கிடந்தேன்
 முத்தம் வெச்சு நீ தொறக்க காதல் சுமந்தேன் :",1
ஒரு மாலை,ஹாரிஸ் ஜெயராஜ்,கஜினி,தாமரை,சக்கரை நிமிடம்,1
ரஹதுள்ளா ரஹதுள்ளா,ஹாரிஸ் ஜெயராஜ்,கஜினி,தாமரை,மாசில்லா வெண்ணிலாவே,1
ரங்கோலா ஹோலா ஹோலா,ஹாரிஸ் ஜெயராஜ்,கஜினி,கபிலன்,"குருங்கடல் போல
 குதிக்குது ஆசை குளிக்கலாம்",1
சுற்றும் விழி சுடரே,ஹாரிஸ் ஜெயராஜ்,கஜினி,நா முத்துக்குமார்,"மரம்கொத்தி பறவை
 ஒன்று மனம் கொத்தி போனது",1
எக்ஸ் மச்சி ஒய் மச்சி,ஹாரிஸ் ஜெயராஜ்,கஜினி,வாலி,குறுக்கு எழுத்து புதிர் நானே,1
ஜுன் போனால்,ஹாரிஸ் ஜெயராஜ்,உன்னாலே உன்னாலே,வாலி,நிலவினை சலவை செய்,1
முதல் நாள் இன்று,ஹாரிஸ் ஜெயராஜ்,உன்னாலே உன்னாலே,பா விஜய்,குளிர்போலே காதல்,1
சிறு சிறு உறவுகள்,ஹாரிஸ் ஜெயராஜ்,உன்னாலே உன்னாலே,பா விஜய்,கசக்குது என் இளமையும்,1
வைகாசி நிலவே,ஹாரிஸ் ஜெயராஜ்,உன்னாலே உன்னாலே,பா விஜய்,வைகாசி நிலவே,1
எனதுயிரே எனதுயிரே,ஹாரிஸ் ஜெயராஜ்,பீமா,யுக பாரதி,எனதுயிரே,1
முதல் மழை,ஹாரிஸ் ஜெயராஜ்,பீமா,நா முத்துக்குமார்,கையை மீறும் ஒரு குடையாய்,1
ஒரு முகமோ இரு முகமோ,ஹாரிஸ் ஜெயராஜ்,பீமா,பா விஜய்,இடியின் மடியில் தினம்,1
ரகசிய கனவுகள்,ஹாரிஸ் ஜெயராஜ்,பீமா,மறுபடி ஒருமுறை பிறந்தேனே,மறுபடி ஒருமுறை பிறந்தேனே,1
ரங்கு ரங்கம்மா,ஹாரிஸ் ஜெயராஜ்,பீமா,பா விஜய்,யுத்தக் கப்பல் இவதானே,1
சிறு பார்வையாலே,ஹாரிஸ் ஜெயராஜ்,பீமா,தாமரை,வந்த மல்லிப்பூவே,1
ஆறடி காத்தே,ஹாரிஸ் ஜெயராஜ்,சத்யம்,பா விஜய்,ஆறடி காத்தே,1
செல்லமே செல்லமே,ஹாரிஸ் ஜெயராஜ்,சத்யம்,யுகா பாரதி,மின்னலே உன்னைக் கண்டேனே,1
கற்க கற்க,ஹாரிஸ் ஜெயராஜ்,வேட்டையாடு விளையாடு,தாமரை,சாவை சட்டை பையில்,1
மஞ்சள் வெயில்,ஹாரிஸ் ஜெயராஜ்,வேட்டையாடு விளையாடு,தாமரை,உலகத்தில் கடைசி நாள் இன்று தானா என்பது போல்,1
நெருப்பே சிக்கி முக்கி,ஹாரிஸ் ஜெயராஜ்,வேட்டையாடு விளையாடு,தாமரை,நெருப்பே சிக்கி முக்கி நெருப்பே,1
பார்த்த முதல் நாளே,ஹாரிஸ் ஜெயராஜ்,வேட்டையாடு விளையாடு,தாமரை,ஓர் அலையாய் வந்து,1
ஆரிய உதடுகள்,ஹாரிஸ் ஜெயராஜ்,செல்லமே,வைரமுத்து,சிறு தேய்பிறை முழு நிலவாகும்,1
செல்லகிளியோ,ஹாரிஸ் ஜெயராஜ்,செல்லமே,வைரமுத்து,இரு நதியை போலே,1
காதலிக்கும் ஆசை,ஹாரிஸ் ஜெயராஜ்,செல்லமே,வைரமுத்து,செய்து வைத்த ஒளி சிற்பமொ,1
கும்மியடி,ஹாரிஸ் ஜெயராஜ்,செல்லமே,வைரமுத்து,லட்சம் குயில் பாடட்டும்,1
வெள்ளைகார முத்தம்,ஹாரிஸ் ஜெயராஜ்,செல்லமே,வைரமுத்து,பல நட்சத்திரம் சிதறுது கண்ணில்,1
மருத மலை அடிவாரம்,ஹாரிஸ் ஜெயராஜ்,அருள்,நா முத்துக்குமார்,"சிரிச்சாலே லைட்
 ஹவுஸ பாத்தேன்னு",1
ஒட்டியாணம் செஞ்சு தாரேன்,ஹாரிஸ் ஜெயராஜ்,அருள்,வைரமுத்து,தங்க வடமே இந்த,1
பத்து விரல் உனக்கு,ஹாரிஸ் ஜெயராஜ்,அருள்,வைரமுத்து,கண்ணே சிறு கொலைகள்,1
புண்ணாக்குன்னு,ஹாரிஸ் ஜெயராஜ்,அருள்,நா முத்துக்குமார்,நீ ஐநா சபை போல,1
சூடாமணி மச்சினியே,ஹாரிஸ் ஜெயராஜ்,அருள்,ஸ்நேஹன்,சித்தெறும்பு போல முத்தம் கொடுத்தால்,1
ஹலோ மிஸ் இம்சையே,ஹாரிஸ் ஜெயராஜ்,உன்னாலே உன்னாலே,பா விஜய்,கற்கண்டுப் பேச்சும்,1
இளமை உல்லாசம்,ஹாரிஸ் ஜெயராஜ்,உன்னாலே உன்னாலே,பா விஜய்,அழகுப்பூக்கள் முகம்பார்த்து,1
யாரோ யாருக்குள்,யுவன் சங்கர் ராஜா,சென்னை – 600028,வாலி,உயிர் காதல் ஒரு வேள்வி,1
யாரோ யாருக்குள்,யுவன் சங்கர் ராஜா,சென்னை – 600029,வாலி,ஊரை வெல்லும் தோகை நானே,1
அச்சம் அச்சம் இல்லை,ஏ.ஆர்.ரஹ்மான்,இந்திரா,வைரமுத்து,மனிதப்பூக்கள் மலரட்டும்,1
அச்சம் அச்சம் இல்லை,ஏ.ஆர்.ரஹ்மான்,இந்திரா,வைரமுத்து,பட்டாம்பூச்சி சுற்றும் மனிதன்,1
அச்சம் அச்சம் இல்லை,ஏ.ஆர்.ரஹ்மான்,இந்திரா,வைரமுத்து,இன்பக்காற்று வீசட்டும் எட்டுத்திக்கும் பரவட்டும்,1
அஞ்சலி அஞ்சலி,ஏ.ஆர்.ரஹ்மான்,டூயட்,வைரமுத்து,காதலின் பொன் சங்கிலிஇணைத்தது கண்மணி,1
அஞ்சாதே ஜீவா,ஏ.ஆர்.ரஹ்மான்,ஜோடி,வைரமுத்து,பூக்களையே ஆயுதமா கொண்டவன் நீதானே,1
அடி ஆத்தாடி,இளையராஜா,கடலோர கவிதைகள்,வைரமுத்து,இளமனசு ஒன்னு ரெக்கை கட்டி பறக்குது,1
அடி ஆத்தாடி,இளையராஜா,கடலோர கவிதைகள்,வைரமுத்து,நெஞ்சுக்குள்ள பட்டாம்பூச்சி பார்த்தாயோ,1
அழகான ராட்சசியே,ஏ.ஆர்.ரஹ்மான்,முதல்வன்,வைரமுத்து,முட்டாசு வாா்த்தையிலே,1
அழகான ராட்சசியே,ஏ.ஆர்.ரஹ்மான்,முதல்வன்,வைரமுத்து,உயிர உாிச்சு நீ கயிர திாிக்கிற,1
அன்பே அன்பே கொல்லாதே,ஏ.ஆர்.ரஹ்மான்,ஜீன்ஸ்,வைரமுத்து,மேகத்தைப் பிடித்து மெத்தைகள் அமைத்து மெல்லிய பூ உன்னைத் தூங்க வைப்பேன்,1
ஆகாய சூரியனை,ஹாரிஸ் ஜெயராஜ்,சாமுராய்,வைரமுத்து,உன் தேகம் முற்றும் சுற்றி கொண்ட கொடி நான்,1